MeanKL,MeanKLBefore,vf_dLoss,AveragePolicyStd,Iteration,Entropy,vf_LossBefore,vf_MeanKL,MinReturn,LossAfter,AverageReturn,AverageDiscountedReturn,LossBefore,StdReturn,NumTrajs,dLoss,MaxReturn,ExplainedVariance,Perplexity,vf_LossAfter
0.00863795922325,0.0,0.0,1.0,1,32.6355862637,23504.8099325,0.0,-1588.82506176,-0.0026097195537,-723.467464965,-306.378027914,8.97603270529e-17,153.720956342,1011,0.0026097195537,-58.404436056,-0.0499129178399,1.4909223597e+14,23504.8099325
0.0095376763288,0.0,3432.56248539,0.999234933959,2,32.6179304149,22988.951281,0.00620014106914,-1014.60929833,-0.00310417792312,-719.121821765,-304.943802053,-2.23610360489e-16,146.463242104,1009,0.00310417792312,-424.467622441,-0.0497960361993,1.46482988023e+14,19556.3887956
0.00718945143,0.0,2473.82296765,0.999417208762,3,32.6220096621,19287.553389,0.00450273057623,-992.059895047,-0.00226794147144,-714.345923436,-302.872617477,-2.99524003666e-16,144.171660466,1010,0.00226794147144,-172.927012941,-0.0502626485521,1.4708174875e+14,16813.7304214
0.00642937367148,0.0,1830.48386323,0.998624269951,4,32.6037270682,16437.810533,0.0033520812603,-989.549567018,-0.00262977498993,-708.941997912,-301.048580275,6.17942658175e-16,136.87814402,1010,0.00262977498993,-89.9411351875,-0.0499170163464,1.44417145022e+14,14607.3266698
0.00953026536563,0.0,2430.48016267,0.999020177927,5,32.6127382419,13900.5940258,0.00867166826121,-950.022675544,-0.00300733720867,-696.513984351,-296.875690313,-3.91553324286e-16,126.885016876,1009,0.00300733720867,-428.803562177,-0.051038109816,1.45724394082e+14,11470.1138631
0.00996021639272,0.0,1578.60689737,0.998479962588,6,32.6002316841,10994.0634379,0.00570939088647,-937.447906242,-0.0032163967375,-683.873254661,-292.313028874,-1.66157712984e-16,128.538777137,1010,0.0032163967375,-74.1996998718,-0.0544966220476,1.43913232834e+14,9415.45654053
0.00942148791761,0.0,1116.01564162,0.99850182648,7,32.6005799827,9132.53172115,0.00406984662798,-938.613480538,-0.00279265375045,-676.537271824,-289.616995608,-8.98345377825e-17,122.334427725,1009,0.00279265375045,-438.941408371,-0.0543301820908,1.43963366333e+14,8016.51607953
0.00643230184209,0.0,895.114172101,0.997466438198,8,32.5767257036,8122.77639044,0.0032805165981,-1454.56118916,-0.00235203301519,-678.095813557,-289.434082853,-1.55641741762e-16,126.390665863,1010,0.00235203301519,-424.766267455,-0.0553641517733,1.40569859762e+14,7227.66221834
0.00957864413432,0.0,1282.97062989,0.996090783731,9,32.5448670016,7159.24044092,0.00914291104265,-891.643306206,-0.00282111210544,-675.834585558,-288.588257629,-1.88480439273e-16,122.921401817,1009,0.00282111210544,-434.354577536,-0.0561579068302,1.36162072485e+14,5876.26981103
0.00695332717819,0.0,797.346018401,0.996426572734,10,32.5525650822,5529.66851809,0.00576262279483,-890.453415659,-0.00264830935624,-660.043605858,-283.090006749,5.21747388278e-16,121.778054304,1010,0.00264830935624,-90.9515016362,-0.0561056759774,1.37214303979e+14,4732.32249969
0.00949937096328,0.0,606.361402299,0.99569101037,11,32.5354417781,4772.83584642,0.00441654582028,-839.824422048,-0.00331014108656,-661.769800036,-283.705912646,3.36275847971e-16,122.367167585,1010,0.00331014108657,-66.8860362114,-0.0569832012114,1.34884743526e+14,4166.47444412
0.00896221356107,0.0,443.668895405,0.995506913538,12,32.5310873994,4043.03138494,0.00325377187466,-885.252413789,-0.00298218634359,-653.1611274,-280.247923232,2.13010976548e-16,121.581764524,1009,0.00298218634359,-435.562490443,-0.0599600982383,1.34298681178e+14,3599.36248954
0.00983729008863,0.0,637.085055677,0.995800759855,13,32.537686986,3568.18980772,0.00907747366238,-872.085866083,-0.002701579977,-651.570907861,-279.982643901,-2.60705453481e-16,119.337983023,1009,0.002701579977,-431.345200194,-0.057584360081,1.35187928051e+14,2931.10475205
0.00978189756879,0.0,424.390629569,0.995081665039,14,32.5210159479,2861.01297435,0.00612271953897,-815.392583078,-0.00315855780464,-645.204202685,-277.845836653,5.0335245277e-16,118.553120985,1009,0.00315855780464,-430.900191467,-0.0587916109265,1.32952886945e+14,2436.62234478
0.00896708059203,0.0,304.026138408,0.995082752766,15,32.5211899874,2390.82733237,0.00442987924539,-825.315157849,-0.00292522599097,-640.039471595,-276.165255171,-4.56800108146e-16,117.265499229,1009,0.00292522599097,-415.647320318,-0.0588502734522,1.32976028013e+14,2086.80119396
0.00681654997867,0.0,218.88600725,0.994740656819,16,32.5132327777,2008.70185322,0.0032106746409,-820.796075482,-0.00260112925413,-631.573759992,-273.205128478,4.23506621249e-16,113.576453813,1009,0.00260112925413,-426.830827438,-0.0586299707009,1.31922108562e+14,1789.81584597
0.00989871907484,0.0,340.088866009,0.994924687944,17,32.5174522788,1849.79296487,0.00967887820111,-833.747405692,-0.0031201839532,-639.801597312,-276.141045078,3.55436415902e-16,112.949200909,1009,0.0031201839532,-435.753224,-0.0569827359284,1.32479930084e+14,1509.70409886
0.00687816768443,0.0,233.355748512,0.994580210365,18,32.5091195729,1505.62566159,0.00673045365813,-833.383086158,-0.0021624570968,-638.081706689,-275.622800178,-1.80203831155e-16,116.743343597,1009,0.0021624570968,-424.154563556,-0.060372336989,1.31380600345e+14,1272.26991308
0.00982133460418,0.0,160.432877211,0.994905436847,19,32.5163672688,1232.04614205,0.00466631043218,-828.729484822,-0.00248061986055,-630.494387918,-273.000996554,4.31875656259e-17,115.063204319,1009,0.00248061986055,-432.993086873,-0.0594837053354,1.32336265983e+14,1071.61326484
0.00649461466518,0.0,117.86696801,0.994943330624,20,32.5170716261,1045.84118968,0.00345309343971,-826.059322398,-0.002436124987,-624.111043155,-271.098491412,-4.12220505294e-17,114.250179784,1011,0.002436124987,-91.4871989248,-0.0589193780657,1.32429510841e+14,927.974221669
0.00654502691287,0.0,168.635492617,0.994283277348,21,32.5017570376,922.277126536,0.00959792220235,-843.685634751,-0.00237335098432,-623.427070636,-270.798901044,2.01647970428e-16,110.4178484,1009,0.00237335098432,-437.529381471,-0.0582699226016,1.30416858177e+14,753.641633918
0.00658333568584,0.0,112.183858488,0.994292699226,22,32.5018016555,738.900687604,0.00647063418398,-836.283709135,-0.00249403105675,-617.773923238,-269.029718189,-4.29384086962e-16,112.085373662,1010,0.00249403105675,-65.198557592,-0.0597976036763,1.30422677244e+14,626.716829116
0.00966836203298,0.0,80.3059561438,0.99437066507,23,32.5037653887,617.717035489,0.0046744628697,-837.088969523,-0.00305273463643,-616.020778128,-268.568874499,-4.86369011358e-16,107.066449722,1009,0.00305273463643,-429.811660219,-0.057655146954,1.30679044215e+14,537.411079346
0.0092947929926,0.0,58.626450625,0.993765240202,24,32.4897416794,523.042322708,0.0034352166498,-832.330330032,-0.00295718849731,-609.289043526,-265.956042274,-3.53277036298e-16,104.933385303,1010,0.00295718849731,-82.1268084178,-0.0583375610008,1.28859229392e+14,464.415872083
0.00689958110776,0.0,82.6927211074,0.99417786209,25,32.4991794375,457.843642145,0.00941888858809,-1522.55361683,-0.00269084879357,-605.160763965,-264.346542345,3.56449717689e-16,103.595704976,1010,0.00269084879357,-426.027573086,-0.0544736590548,1.30081128555e+14,375.150921038
0.00659256085356,0.0,58.1107505697,0.994137333321,26,32.497989598,378.167146679,0.00669787337761,-848.139113135,-0.00250342082503,-608.899418169,-265.920264875,3.81150897651e-17,98.3198558864,1009,0.00250342082503,-427.485568318,-0.0540173445064,1.29926444929e+14,320.056396109
0.00845730547049,0.0,39.4512461541,0.993773459495,27,32.4892022669,307.683555171,0.00459339109657,-828.141759021,-0.00207319758105,-600.303224998,-262.541988888,2.26509704067e-16,93.5896584012,1009,0.00207319758105,-435.349014034,-0.0547946016623,1.28789739857e+14,268.232309017
0.00641858769091,0.0,31.0168319897,0.99288110371,28,32.4685258176,271.151475436,0.00362970565352,-852.723047624,-0.00244424402248,-602.891806823,-263.771353929,-5.37473380415e-17,95.607109608,1009,0.00244424402248,-426.492389093,-0.0555649245874,1.26154166372e+14,240.134643447
0.00993615641698,0.0,41.0569743382,0.992895379982,29,32.4685115662,229.620286361,0.00936936787701,-820.650257424,-0.00298624860083,-591.705259113,-259.325742826,2.13727870425e-16,93.8785151954,1011,0.00298624860083,-100.064116649,-0.057259143495,1.26152368513e+14,188.563312023
0.00649641510318,0.0,28.9012328112,0.993947920533,30,32.492898491,190.39211633,0.00665894961514,-851.230177802,-0.00242911541756,-595.034934054,-260.854311834,2.96128059856e-16,91.5410888255,1009,0.00242911541756,-429.176083675,-0.0543355219401,1.29266656442e+14,161.490883519
0.00660668031857,0.0,21.3584466821,0.993866743405,31,32.4909085199,162.313309717,0.00496291990899,-862.418221989,-0.00253474970039,-595.89045943,-261.123474993,6.4406029238e-16,90.2502990005,1009,0.00253474970039,-434.223795238,-0.0514192461149,1.29009675318e+14,140.954863035
0.00647353129989,0.0,16.7177671094,0.993555198975,32,32.4834993921,142.78691952,0.00391295296326,-1234.19769596,-0.00245174353543,-596.886411288,-261.18608128,7.85262270237e-17,98.4398529324,1010,0.00245174353543,-431.495912929,-0.0559345546939,1.28057358417e+14,126.06915241
0.00645976241054,0.0,12.448863479,0.993750975862,33,32.4874618319,122.732189256,0.00292997199327,-1225.47719089,-0.0022639064025,-591.578139611,-259.434766958,-3.78279443084e-16,93.5489176256,1010,0.0022639064025,-436.9078788,-0.053537884571,1.28565784634e+14,110.283325777
0.00648094708144,0.0,19.4331813718,0.993817117734,34,32.4886233599,113.518011547,0.00886966871501,-1226.74564366,-0.0022434435135,-596.143899406,-261.007833046,-6.81196614492e-17,95.5325107561,1011,0.0022434435135,-436.447032417,-0.048154534314,1.28715204145e+14,94.0848301755
0.00965191731077,0.0,11.9308866604,0.993056185041,35,32.4709531178,88.0268186438,0.00552428022178,-881.403615282,-0.00296967451574,-583.572389013,-256.269861483,-1.62024341746e-16,90.5642380408,1009,0.00296967451574,-425.719879086,-0.0532758861574,1.26460752343e+14,76.0959319834
0.00641984745639,0.0,9.25436093043,0.992571661488,36,32.4596276069,77.377683263,0.00431072086801,-866.205678497,-0.0022753431262,-586.460916694,-257.441274937,-2.30806180091e-16,91.5428923046,1010,0.0022753431262,-419.526763187,-0.0529702248925,1.25036599562e+14,68.1233223325
0.00994737272633,0.0,7.11923255861,0.992076649174,37,32.4479538778,67.8105038094,0.00333992319005,-1231.71010041,-0.00296405538291,-583.736313436,-256.56289281,-1.66170919549e-16,95.6456538849,1011,0.00296405538291,-415.562418659,-0.0537286928484,1.2358544286e+14,60.6912712508
0.00987561945798,0.0,10.276785977,0.991655254779,38,32.4379747244,60.680378454,0.00932080439936,-1109.94862938,-0.0025773515617,-584.979873109,-257.193491384,6.06186215594e-17,91.0971413104,1010,0.0025773515617,-425.521366935,-0.0531698066703,1.22358297881e+14,50.403592477
0.00916720508287,0.0,6.9510875974,0.990488576408,39,32.4107930092,49.7772873624,0.00640937755758,-1482.26586262,-0.00290645967179,-580.581813844,-255.311199875,3.13678815417e-16,94.9489897353,1010,0.00290645967179,-412.590536877,-0.0524536866486,1.19077184638e+14,42.826199765
0.00992109083912,0.0,5.04003676205,0.990057453653,40,32.400649044,42.5634179213,0.0046901288985,-1420.33895993,-0.00284176259074,-578.929413117,-254.611934324,8.97799744285e-17,92.2694212582,1010,0.00284176259074,-420.306182018,-0.0522792360012,1.17875375677e+14,37.5233811592
0.00652554560737,0.0,3.58491225699,0.989182831846,41,32.3804655471,36.2205959427,0.00336290941374,-916.032442257,-0.00224942355917,-571.531154882,-251.615719643,-2.37562112325e-16,87.5837917027,1010,0.00224942355917,-204.975120048,-0.0543718148431,1.15520087332e+14,32.6356836857
0.0099727275401,0.0,5.22958714372,0.989216222827,42,32.381052096,32.771756876,0.00953495960415,-875.117718324,-0.00269277103328,-573.283392147,-252.277547027,-1.87775013341e-16,86.7843448916,1010,0.00269277103328,-415.451157587,-0.0558324879722,1.15587865392e+14,27.5421697323
0.00979420695655,0.0,3.53085848871,0.989807045839,43,32.3943537798,27.3764430982,0.00650215468954,-1049.8370383,-0.00278628200873,-571.168079631,-251.482575827,-2.22671383635e-16,85.5735887042,1010,0.00278628200873,-418.530057974,-0.0544075691099,1.17135649881e+14,23.8455846095
0.00980446263287,0.0,2.62828999813,0.990048981465,44,32.4000630101,24.0369542843,0.00488194953196,-804.27651474,-0.00277166903631,-573.229145893,-252.257505381,2.17147872338e-16,84.6808248918,1010,0.00277166903631,-409.160001875,-0.0553800518104,1.17806316955e+14,21.4086642861
0.00986313902736,0.0,1.95900698524,0.989941764232,45,32.397762654,21.2340638851,0.00366375114379,-1505.42730597,-0.00296148290552,-569.293410041,-250.523132026,-7.09814053813e-16,90.0480763312,1010,0.00296148290552,-367.918483954,-0.0534297888898,1.17535631926e+14,19.2750568998
0.00991056000104,0.0,2.62647675461,0.9904160431,46,32.4088182054,18.789522657,0.00960629245541,-858.439431655,-0.0029945006747,-564.662356181,-248.650669021,-3.50866786346e-16,81.2014839834,1009,0.0029945006747,-407.877111058,-0.0546944060466,1.18842262607e+14,16.1630459023
0.00970055370432,0.0,1.84526401474,0.98998655695,47,32.3981370341,16.4267234489,0.00675335525328,-1504.38450285,-0.00303489983471,-564.977460555,-248.187500273,-1.70035207181e-16,91.9400264749,1010,0.00303489983471,-406.04124222,-0.054614122663,1.17579643173e+14,14.5814594342
0.00651208147001,0.0,1.26988515659,0.989484559064,48,32.3860215349,14.2792148864,0.00474427314845,-1427.61587243,-0.00259833776746,-561.739689165,-247.353722052,-2.50871282431e-16,82.8356174424,1010,0.00259833776746,-244.036117884,-0.0529219074821,1.16163701829e+14,13.0093297298
0.00931410845328,0.0,0.946759046066,0.989563741811,49,32.3876243847,12.9877466754,0.00351500459734,-816.656212784,-0.00281985531578,-562.028200692,-248.291796783,3.49367921015e-16,76.7529757581,1010,0.00281985531578,-238.166365636,-0.0485982053252,1.163500441e+14,12.0409876293
0.00642439628523,0.0,1.27297081686,0.987787099508,50,32.3459114017,11.8531359872,0.00921245414815,-838.219155414,-0.00250722829167,-557.413314642,-246.292958913,3.45152823842e-16,75.1429357546,1010,0.00250722829167,-214.534353961,-0.0511934480241,1.11596566766e+14,10.5801651703
0.00643009084249,0.0,0.869085192927,0.987689320683,51,32.3436719088,10.6153088525,0.00632542206434,-807.986060806,-0.00229380718443,-557.780816978,-245.963125352,1.07824029568e-16,74.3064376968,1010,0.00229380718443,-402.457863144,-0.0544456645379,1.11346926693e+14,9.74622365957
0.00689416132487,0.0,0.619158058495,0.987570074821,52,32.3406361363,9.71208013754,0.00458421290316,-956.055309343,-0.00237456587645,-556.276043244,-245.585956102,-2.0321385052e-17,69.4613565044,1011,0.00237456587645,-411.923714843,-0.0503147314874,1.11009415312e+14,9.09292207904
0.00976952607025,0.0,0.421752894901,0.987315486516,53,32.3346165403,8.86796457675,0.00315148756192,-808.592833122,-0.00310300235123,-547.869304049,-242.622513835,1.09125807483e-16,64.7168368646,1010,0.00310300235123,-335.871116148,-0.0485618336701,1.10343190696e+14,8.44621168185
0.00972856558169,0.0,0.602457839331,0.985974660369,54,32.303313739,8.49589737195,0.00865214458732,-886.313324297,-0.00309388929956,-550.055645801,-243.220941988,4.0526367248e-16,67.6153115433,1011,0.00309388929956,-416.047597155,-0.0511606921796,1.0694264076e+14,7.89343953262
0.00972100581379,0.0,0.385327079151,0.985532788312,55,32.2921237009,7.80489146893,0.00567228284579,-796.75782444,-0.00296142966591,-546.878662241,-242.249267863,1.47293255667e-16,62.7213777451,1009,0.00296142966591,-415.146862365,-0.0503030770142,1.05752619152e+14,7.41956438977
0.0099615058407,0.0,0.316506408867,0.984629971532,56,32.2709779901,7.61939675387,0.00465739494349,-1512.36949949,-0.00294311893715,-554.61991464,-244.781404825,-8.58905219842e-16,81.0019340158,1011,0.00294311893715,-404.250916308,-0.0561905568372,1.03539882248e+14,7.302890345
0.00991912903899,0.0,0.199786837499,0.983239851771,57,32.2383103309,7.11785812017,0.00293898756877,-785.877344515,-0.00311239388909,-545.281648102,-241.890338825,1.71740828729e-16,61.7389898592,1011,0.00311239388909,-393.137010986,-0.0573426864728,1.0021212757e+14,6.91807128267
0.00960842812473,0.0,0.281063968037,0.982090869297,58,32.2111850918,6.95636532853,0.0079795480906,-1067.11409912,-0.00291113064499,-546.476162562,-241.858644658,1.29742451215e-16,64.268886179,1010,0.00291113064499,-412.365341685,-0.0582807302948,9.7530385524e+13,6.67530136049
0.00972740278643,0.0,0.174310783507,0.981627428594,59,32.1998972892,6.63886499609,0.00497717575646,-1402.15755173,-0.0027296929195,-540.963785837,-239.635307086,-3.8293486013e-17,70.5826900885,1012,0.0027296929195,-115.585831885,-0.0677515807844,9.64356718635e+13,6.46455421259
0.00993398386039,0.0,0.135975840056,0.981209774948,60,32.1899160026,6.48276002103,0.00398646990799,-1091.3546247,-0.00320083177895,-543.637109026,-240.458834527,-3.10574190072e-16,66.9934953333,1012,0.00320083177895,-202.77984612,-0.0681690847751,9.54779075935e+13,6.34678418097
0.00954083085457,0.0,0.163360086765,0.980841181798,61,32.1807699787,6.33453373747,0.00921933819275,-785.282017475,-0.00304900344564,-543.647386618,-240.657997572,-3.69453329016e-16,66.5082549536,1011,0.00304900344564,-349.473751154,-0.051192671297,9.46086455779e+13,6.17117365071
0.00977468126288,0.0,0.101378030488,0.9798574913,62,32.1572588454,6.16555421767,0.00566779970325,-1487.73727276,-0.00278624871287,-538.96500953,-238.777701149,-1.77062539369e-16,71.0774498208,1012,0.00278624871287,-81.5633817179,-0.0615464798984,9.2410233946e+13,6.06417618718
0.00945355638948,0.0,0.0745611838201,0.979128938001,63,32.1394660744,6.11068657008,0.0044113093031,-1586.10097932,-0.00332248998375,-542.548826044,-239.686178204,-1.65042677183e-16,78.9894899397,1013,0.00332248998375,-287.076651666,-0.0450331873981,9.07805411804e+13,6.03612538626
0.00651892956976,0.0,0.0842976457509,0.980237304159,64,32.1648645839,5.96695585637,0.009130430683,-1260.44458478,-0.00225336489582,-536.712985403,-237.793488534,8.50190349109e-17,59.332952447,1011,0.00225336489582,-360.403348221,-0.0330919770329,9.31157616487e+13,5.88265821062
0.00664155563125,0.0,0.0567809008994,0.979791062212,65,32.1540981807,5.8879699286,0.00638500034451,-1349.99415667,-0.00250979560985,-536.599461008,-237.687970358,2.10716685381e-17,62.258249482,1010,0.00250979560985,-393.941609103,-0.0462543491521,9.21186172721e+13,5.8311890277
0.00699754414762,0.0,0.055046315053,0.978417212499,66,32.1221644338,5.83611079759,0.00633381498542,-1405.30929155,-0.00273339112396,-536.286665058,-237.117560327,3.66987516947e-17,65.4031048787,1012,0.00273339112396,-405.771354765,-0.0313723506422,8.92233982939e+13,5.78106448253
0.0098568998991,0.0,0.0289964746674,0.977716950542,67,32.10540306,5.78549805213,0.00298763401938,-1360.03346967,-0.00286640208897,-535.865044725,-236.773916473,5.36783823881e-17,66.7735631083,1012,0.00286640208897,-157.362723106,0.0107110136643,8.77403552026e+13,5.75650157746
0.00705042677061,0.0,0.0267981851194,0.97720508955,68,32.092568897,5.77090023261,0.00309539981452,-880.847944578,-0.00241174199646,-538.029380833,-237.237886942,1.1095742087e-16,65.5864931767,1011,0.00241174199646,-221.711846168,-0.034220475531,8.66214764763e+13,5.74410204749
0.00977576336803,0.0,0.0153453325199,0.976481063904,69,32.0754654943,5.70823112153,0.00159477285935,-1131.38105533,-0.00302326387959,-529.17190589,-234.427018978,1.58784240471e-16,59.8084662024,1013,0.00302326387959,-362.323304472,-0.000467158069991,8.51525520918e+13,5.69288578901
0.00995614849173,0.0,0.0306131245546,0.975391152793,70,32.0493253893,5.6766332889,0.0062290959684,-981.077034718,-0.003032874993,-527.772177027,-233.647531137,-3.95675701111e-17,59.2322572319,1012,0.003032874993,-223.876853626,0.0256358165567,8.29554961778e+13,5.64602016435
0.00973381555271,0.0,0.0276368104059,0.975088741405,71,32.041987782,5.67915337565,0.00919639719188,-1341.19289763,-0.00290909553163,-529.283881888,-233.776214548,1.52113826382e-17,64.4605136231,1011,0.00290909553163,-401.34364451,0.0124631049914,8.23490290573e+13,5.65151656525
0.0097535517661,0.0,0.0208103940019,0.975005581469,72,32.0392290971,5.65885392638,0.00395741406718,-1517.60359692,-0.00293144537272,-525.979139999,-232.13915865,-1.0154250151e-16,73.1534658166,1012,0.00293144537272,-165.092538233,0.0544353994194,8.21221670981e+13,5.63804353238
0.00651307123001,0.0,0.0294301244001,0.974087700969,73,32.0170015011,5.62217293154,0.00540548290586,-1541.27761817,-0.00240795445544,-524.173640972,-231.590597302,3.59076696207e-16,67.2409269711,1011,0.00240795445544,-130.936735746,0.056126832301,8.03169261484e+13,5.59274280714
0.00652675963614,0.0,0.0337425109281,0.973814843986,74,32.0109708494,5.57577513025,0.00314713842493,-1476.87688672,-0.00233072791595,-523.142748752,-231.148550642,-1.94316656097e-17,59.8251057484,1011,0.00233072791595,-293.862185962,0.113495455286,7.98340203279e+13,5.54203261932
0.00992003143199,0.0,0.0434800734779,0.973739510599,75,32.0090961146,5.60725720189,0.00676295154013,-1398.6211381,-0.00285419333508,-523.874256952,-231.034399049,-1.32607467739e-16,78.7582298995,1016,0.00285419333508,-97.6341425156,0.158106020151,7.96844929181e+13,5.56377712841
0.00984568518574,0.0,0.027770120206,0.973257862666,76,31.9985378537,5.53500624327,0.00914032924558,-1382.16082368,-0.00280417587722,-522.237319175,-230.498581107,6.02227543416e-18,68.7385892859,1013,0.00280417587722,-191.485366674,0.230297877541,7.88475891497e+13,5.50723612306
0.00970641056808,0.0,0.0471966443191,0.973444325173,77,32.0021892516,5.42636730783,0.00561775906185,-740.017016419,-0.00268030411726,-516.667206249,-228.770279075,4.45674740098e-17,54.4749969891,1012,0.00268030411726,-89.4616896556,0.302622105413,7.91360193369e+13,5.37917066351
0.00977543130876,0.0,0.0267491117008,0.973621911746,78,32.005806554,5.42345884544,0.00624255180652,-1467.8795277,-0.00291568315202,-523.652448499,-230.391246402,-2.4793654163e-16,64.5534568861,1012,0.00291568315202,-129.342406739,0.348540559063,7.94227966168e+13,5.39670973374
0.00645167813372,0.0,0.0284514218554,0.972983872723,79,31.9906154162,5.36933227564,0.00524080358815,-770.787054373,-0.00252496944011,-519.033596713,-228.880297689,-1.27412309695e-16,58.5914410823,1011,0.00252496944011,-123.219920122,0.37834777371,7.82253919671e+13,5.34088085378
0.00984555497676,0.0,0.0383144567837,0.972267538347,80,31.9738179155,5.38353656269,0.00750287627012,-1429.54402092,-0.00284861132732,-520.397822723,-229.292139893,2.32961007674e-17,64.011065906,1010,0.00284861132732,-398.18131589,0.385926986854,7.6922375239e+13,5.34522210591
0.0098697635699,0.0,0.0231502526347,0.971545413322,81,31.9569045544,5.28378799368,0.00545588507808,-743.518184321,-0.00284744118452,-512.301014223,-226.809680262,-9.04106714166e-17,56.5013312223,1013,0.00284744118452,-121.779028932,0.463369812013,7.56322998408e+13,5.26063774105
0.00982007466656,0.0,0.0215374365048,0.971619339275,82,31.958209205,5.36574366225,0.00476624352419,-1477.38132186,-0.00286353420557,-516.642442226,-227.288949052,-3.58332413954e-16,71.324792806,1010,0.00286353420557,-398.402173439,0.426048872563,7.57310379598e+13,5.34420622575
0.00996541740767,0.0,0.0202517544528,0.970898177277,83,31.9412839419,5.27222508531,0.00693391270816,-796.230061203,-0.00290031060456,-515.622025008,-227.601568775,4.72682872741e-17,53.6119027743,1011,0.00290031060456,-105.176362341,0.483689815582,7.44600564067e+13,5.25197333086
0.00989269566338,0.0,0.0273491674645,0.970170986662,84,31.9234342884,5.20728826365,0.00993743868016,-753.701001949,-0.00296310221914,-508.211940435,-224.715402683,-2.48397808901e-16,49.9744721727,1011,0.00296310221914,-114.474996688,0.523007647799,7.31427618001e+13,5.17993909619
0.00977724641785,0.0,0.0193604380635,0.969367786106,85,31.9046263515,5.19669564592,0.0090613005423,-715.076507079,-0.00301320664617,-510.740027116,-225.483851539,1.97765885606e-17,48.6405183242,1010,0.00301320664617,-124.947439928,0.535480582759,7.17799533293e+13,5.17733520785
0.00975674258459,0.0,0.0168852846189,0.968619979225,86,31.8859008256,5.31189345679,0.00326617969951,-1348.83231502,-0.00296978987106,-514.129853446,-226.77950934,-9.01018047887e-17,60.3656821609,1011,0.00296978987106,-302.334885282,0.472519336839,7.04483424245e+13,5.29500817217
0.00978515933451,0.0,0.0115370747833,0.967985715204,87,31.8693463748,5.27865515453,0.00263821460031,-1166.31623507,-0.00305118955056,-508.700673726,-224.856393058,-4.74271738342e-17,58.3008376693,1012,0.00305118955056,-188.367102848,0.47951903782,6.92917089397e+13,5.26711807975
0.00641106496643,0.0,0.0168273868687,0.967722575004,88,31.8627427076,5.19954969976,0.00585757949404,-747.91134152,-0.00257002016791,-508.57857725,-224.908587414,2.62496935599e-17,50.0714330505,1011,0.00257002016791,-121.561635518,0.529044606822,6.88356370822e+13,5.18272231289
0.00979176674223,0.0,0.0171841220349,0.967409857477,89,31.8547561743,5.24723131727,0.00974435254474,-1452.00615448,-0.00268639422273,-508.722544093,-224.160605085,-7.02682547266e-17,57.6002091616,1010,0.00268639422273,-232.640541805,0.505704119634,6.8288068472e+13,5.23004719524
0.00662020010102,0.0,0.00949277106331,0.967256467674,90,31.8501097779,5.21823374204,0.00500231362421,-1192.6471504,-0.00233215885942,-506.114042028,-223.286620045,6.521898984e-17,56.4327227855,1012,0.00233215885942,-105.040603036,0.519992204779,6.79715110333e+13,5.20874097098
0.00994116285112,0.0,0.0123169233223,0.966351208518,91,31.8286339797,5.18967665803,0.00825327873082,-1411.52834507,-0.003207098524,-505.364763298,-223.109863348,-2.22022598958e-16,56.2059140035,1010,0.003207098524,-104.666972135,0.542869296829,6.65273315372e+13,5.17735973471
0.00974063459035,0.0,0.00969420255155,0.964571824034,92,31.7850892302,5.17430036004,0.00777644539847,-1151.50525421,-0.00304565907622,-502.769275589,-221.893842225,-6.93886639972e-17,53.8249272782,1012,0.00304565907622,-71.1994960746,0.541858811257,6.36925826727e+13,5.16460615749
0.00994178786768,0.0,0.0151353997223,0.964764307718,93,31.789106465,5.16181595368,0.0093748732861,-704.349728482,-0.00320962557982,-504.74264043,-222.704346884,-6.35208137259e-17,48.3821474903,1010,0.00320962557982,-215.537146602,0.548188371007,6.39489653661e+13,5.14668055396
0.00848278179999,0.0,0.00938026593443,0.964068135343,94,31.7722278575,5.15302286677,0.00501315281408,-711.567681309,-0.00270448340765,-504.662863982,-222.684552961,2.66931053021e-16,53.1886367936,1011,0.00270448340765,-214.910417741,0.559759415022,6.28786539693e+13,5.14364260084
0.00642144310935,0.0,0.00969673817441,0.963654853329,95,31.7613090161,5.12828840919,0.00939335713423,-733.834546756,-0.00253090588693,-501.527843123,-221.533862458,9.89000622348e-18,52.3929695876,1011,0.00253090588693,-81.5395761349,0.574217421683,6.21958265468e+13,5.11859167101
0.00950709020374,0.0,0.012516459928,0.963283012428,96,31.7516638975,5.20905172399,0.00962109991411,-1290.16321273,-0.00283433737879,-499.81533895,-220.938038457,2.99390186306e-17,62.2740795796,1013,0.00283433737879,-197.385472764,0.537173867197,6.15988241302e+13,5.19653526406
0.00998513020601,0.0,0.0051850990616,0.963902067522,97,31.7650567163,5.11466705127,0.00488510529377,-718.952110872,-0.0029478185038,-502.097172857,-221.681616407,-1.3305337484e-16,50.6441487921,1010,0.0029478185038,-225.913278849,0.588815904728,6.24293551795e+13,5.10948195221
0.00657095196129,0.0,0.00571495292004,0.962762085868,98,31.7376921124,5.16964237101,0.00487202133283,-1265.24766892,-0.00255396571989,-500.408424829,-220.99686825,-6.79247403888e-17,59.5020531718,1013,0.00255396571989,-186.647938534,0.562815921363,6.07441630732e+13,5.16392741809
0.00990648995533,0.0,0.00590157499869,0.961011743456,99,31.6949311175,5.16050167969,0.00597822520408,-1277.46013934,-0.00323960675515,-495.13830572,-218.881662065,9.60979785312e-19,60.4692490956,1014,0.00323960675515,-178.738457486,0.552747462802,5.82014344651e+13,5.15460010469
0.00993013663741,0.0,0.00640512670287,0.960730600209,100,31.686078232,5.15414432707,0.00638899960695,-1248.47636797,-0.00323612534839,-499.207697426,-220.279355003,2.03307461414e-16,60.0716831783,1013,0.00323612534839,-210.87097477,0.569814468564,5.76884578404e+13,5.14773920037
0.00645026691876,0.0,0.0091844949532,0.959719476324,101,31.6612988647,5.08650245792,0.00968982416297,-732.905979843,-0.002664840779,-494.499881652,-218.946375623,-9.91764631816e-17,54.5639041202,1012,0.002664840779,-157.556640391,0.605668455568,5.62765398161e+13,5.07731796296
0.00985268175396,0.0,0.00330871643909,0.958533603822,102,31.631505591,5.1289368061,0.00266291353877,-1089.60816172,-0.0031241785872,-496.291581138,-219.31912772,1.22425318103e-17,53.9061038552,1012,0.0031241785872,-178.349253931,0.580788837758,5.46246078865e+13,5.12562808966
0.00644688434079,0.0,0.00604978676244,0.958612555434,103,31.6338614713,5.07952084274,0.00723525560794,-790.048220017,-0.00227335307881,-496.436884214,-219.352178659,4.37539636576e-17,49.7564368388,1013,0.00227335307881,-135.911971543,0.607035517675,5.47534486299e+13,5.07347105598
0.00988372270263,0.0,0.0103683429448,0.958458688678,104,31.6307992994,5.05288935226,0.00868573092636,-684.194962126,-0.00300896504461,-494.684261295,-218.841837282,7.00754778116e-17,50.5466115746,1012,0.00300896504461,-213.721631274,0.626853181847,5.45860406042e+13,5.04252100932
0.00996004115923,0.0,0.00775507319385,0.956858285886,105,31.5922872818,5.11540503817,0.00675770100832,-1299.77781067,-0.00314998516485,-494.91940828,-218.867000132,7.2573255859e-17,59.6417182435,1014,0.00314998516485,-104.969266417,0.597040514499,5.25237876916e+13,5.10764996498
0.00999586862461,0.0,0.0040872088859,0.955667264317,106,31.562909518,5.09637927822,0.00335139617528,-1275.93935389,-0.00313646332613,-497.30861857,-219.532908578,-7.69062316644e-17,58.5015027656,1012,0.00313646332613,-88.7375127693,0.610040586543,5.10032013364e+13,5.09229206934
0.00650288530646,0.0,0.00698559969412,0.955012580115,107,31.5471710959,5.06220957751,0.00812387968786,-679.095097135,-0.00217121099237,-493.420969304,-218.316856341,-9.69193089202e-17,54.1626141718,1014,0.00217121099237,-110.751595218,0.619128399905,5.02067751091e+13,5.05522397782
0.00974127366502,0.0,0.00650163449958,0.954487816267,108,31.5339417032,5.06749496049,0.0045991903053,-1048.79238354,-0.00270135511288,-494.488773762,-218.611431519,3.97697411854e-17,50.6251673572,1010,0.00270135511288,-226.70877494,0.62004841296,4.95469441729e+13,5.06099332599
0.0099668413511,0.0,0.00698101809276,0.953668691624,109,31.5133451873,5.04156839615,0.005932941157,-674.750016844,-0.0030119177665,-490.946709533,-217.422213459,-7.20369353181e-17,53.9393912428,1012,0.0030119177665,-95.8762614133,0.632100380417,4.85368872817e+13,5.03458737806
0.00648169185013,0.0,0.00746047973972,0.952999095508,110,31.4970741237,5.06053396517,0.00598336321701,-1047.5776289,-0.00234543156981,-492.565613075,-218.000634814,4.20457055855e-17,54.6121720027,1013,0.00234543156981,-86.9641442526,0.624862821436,4.77535308042e+13,5.05307348543
0.0099640776684,0.0,0.00965686315946,0.952234883855,111,31.4778995968,5.13546744938,0.00947392234378,-1256.26306609,-0.00319968251605,-494.09091697,-218.27369181,-2.80447531815e-16,57.9694536417,1013,0.00319968251605,-88.0640202308,0.586153073552,4.68466021949e+13,5.12581058622
0.00970391300652,0.0,0.010646761464,0.952082509643,112,31.474005589,5.02442635213,0.00689818366322,-709.950391245,-0.00271542928796,-491.699519681,-217.879219066,2.97974797752e-17,51.5592318063,1013,0.00271542928796,-87.7157850836,0.648644485975,4.66645358725e+13,5.01377959067
0.00991545635328,0.0,0.00400571577096,0.951470131071,113,31.457754452,5.06207158862,0.00302504327939,-1044.35265994,-0.00303938462845,-491.048174157,-217.1962069,-1.19461088881e-16,50.3506602916,1010,0.00303938462845,-275.188928936,0.623808547426,4.59123129024e+13,5.05806587285
0.00993547474975,0.0,0.0136988571185,0.951720190444,114,31.4633171776,5.00542414178,0.00941360271434,-656.974657938,-0.00355887488364,-487.669609433,-215.877704913,-8.41679372249e-18,48.2286435304,1012,0.00355887488364,-96.9604793479,0.650841762257,4.61684221744e+13,4.99172528467
0.00998293511466,0.0,0.00607380916838,0.951014758879,115,31.4457914777,4.99817891424,0.00856593228625,-670.679182014,-0.00293916975142,-491.144304022,-217.324134676,7.10831434015e-17,45.0506405264,1010,0.00293916975142,-195.302175289,0.654406861231,4.53663373425e+13,4.99210510507
0.00994847086133,0.0,0.0104428368804,0.950217886266,116,31.4260730712,4.98734105176,0.00980162227513,-629.079553675,-0.00262387622448,-489.422413129,-216.68688304,2.24054177747e-17,49.7802058525,1013,0.00262387622448,-98.3402815261,0.662641280868,4.44805473465e+13,4.97689821488
0.00988159962401,0.0,0.0114288502545,0.949332054054,117,31.4043128827,5.09971970937,0.00891453846664,-1273.83674621,-0.00291428624827,-488.744359899,-215.935934838,5.91827250704e-17,58.0806022201,1014,0.00291428624827,-88.1142502432,0.606537577264,4.35230971766e+13,5.08829085911
0.00971332848347,0.0,0.00808840289616,0.949594312025,118,31.4096810777,4.99309786273,0.00755839303023,-636.601317532,-0.00302836554627,-487.644940873,-215.766978281,-1.97185696209e-17,46.7922659284,1011,0.00302836554627,-103.154304968,0.656744477839,4.37573658894e+13,4.98500945984
0.0099464112878,0.0,0.00640827116579,0.948688637857,119,31.3868639933,5.10778422778,0.00560395714336,-1365.0067702,-0.00276458818214,-490.166589612,-216.564873742,7.32778531309e-17,56.765741005,1011,0.00276458818214,-88.9526489395,0.60361173278,4.27702547038e+13,5.10137595662
0.00989895899959,0.0,0.00898175077665,0.947874786772,120,31.3665065767,5.03469837763,0.0065385473023,-1299.78642038,-0.00292409071569,-489.02294813,-216.141925865,-4.90486163188e-17,53.1906210309,1011,0.00292409071569,-73.0008549502,0.641112278593,4.19083654921e+13,5.02571662686
0.00966438915608,0.0,0.00698640348774,0.946725038615,121,31.3395660186,4.97538145006,0.00823406412797,-646.223874512,-0.00287840734499,-482.852288058,-214.047851684,5.74461038211e-17,49.7130088783,1015,0.00287840734499,-73.6941898347,0.659881678206,4.07944034926e+13,4.96839504657
0.00946788133263,0.0,0.0050439169199,0.945831861534,122,31.3167429387,4.96248261283,0.00508809714626,-676.847471353,-0.00273712570292,-484.720748551,-214.565148102,-7.18224274092e-17,43.4686236341,1010,0.00273712570292,-87.6175526562,0.669428319692,3.98738939483e+13,4.95743869591
0.00645866786196,0.0,0.00778013113222,0.94500404405,123,31.2948284225,4.97648830664,0.00578507200003,-665.915931342,-0.00202617075521,-482.090417421,-213.625515247,5.72145679641e-17,48.2013026802,1012,0.00202617075521,-124.510513406,0.657783108519,3.90095819351e+13,4.9687081755
0.00974105639882,0.0,0.00531412679422,0.944203483462,124,31.2750100601,4.93198193036,0.00468158100421,-633.581409581,-0.0030559720402,-482.042156825,-213.712167394,-1.85194808334e-16,41.9417521327,1010,0.0030559720402,-188.877681295,0.684135678701,3.82440863909e+13,4.92666780357
0.00986850785405,0.0,0.0157122436279,0.943746419534,125,31.2629391805,5.07842897982,0.00950009684317,-1301.55145669,-0.00295690145855,-483.247311146,-213.597941492,1.36019040743e-16,54.3429877885,1010,0.00295690145855,-186.870640286,0.618679615857,3.778522165e+13,5.06271673619
0.009734184806,0.0,0.00687887447617,0.94354260107,126,31.2566534644,5.0300706086,0.00613581251366,-1097.84301254,-0.00276465110735,-484.816341173,-214.623025463,6.81953445164e-17,51.0198439487,1012,0.00276465110735,-182.719616382,0.63981758998,3.75484593654e+13,5.02319173413
0.00646090306562,0.0,0.00922441183726,0.942910698271,127,31.2402542971,4.99978673793,0.00692426357722,-1248.08326979,-0.00225503507152,-482.901981148,-213.621315086,6.66286617679e-17,49.826318038,1011,0.00225503507152,-125.104151708,0.655584267057,3.69377174159e+13,4.9905623261
0.00644316850717,0.0,0.00827670753005,0.942503790507,128,31.2299761698,4.92923894445,0.00515046402947,-664.279783913,-0.00244689705062,-477.262351691,-211.849427479,-6.85832775226e-17,44.610687025,1012,0.00244689705062,-88.2534678654,0.68432372806,3.65600112348e+13,4.92096223692
0.00651935331063,0.0,0.00947399456488,0.941642742512,129,31.2086233062,4.91796476741,0.00853068159694,-624.453056253,-0.0025094897749,-478.707202571,-212.172369239,1.12217250138e-16,40.4587877098,1009,0.0025094897749,-365.767852185,0.691221693299,3.5787625967e+13,4.90849077284
0.00983827533389,0.0,0.00387282450953,0.94071180772,130,31.1846390485,4.93578999332,0.00283314379183,-836.194061609,-0.00268774632487,-479.296438178,-212.214098336,7.30191887445e-17,46.6567071938,1014,0.00268774632487,-72.2739472252,0.680375479121,3.49394978405e+13,4.93191716881
0.00965510669172,0.0,0.00700169290386,0.940403626118,131,31.1769103238,4.90170115009,0.00920997244038,-654.240391081,-0.00295391614664,-479.311056033,-212.361685825,1.15383971511e-16,41.9414605111,1009,0.00295391614664,-368.554593021,0.700129006319,3.4670500923e+13,4.89469945719
0.00991111570982,0.0,0.00642055368298,0.939835863813,132,31.1621078523,4.90167282594,0.00636352861366,-647.532102909,-0.00262603818765,-480.895060946,-212.943117623,-9.11529081445e-17,45.9747858623,1012,0.00262603818765,-64.6126627046,0.702115243353,3.41610715299e+13,4.89525227226
0.00983559519833,0.0,0.00418208370325,0.939120138493,133,31.144594916,4.90383257366,0.00310885086797,-707.606784642,-0.00286666129538,-478.586384977,-212.171886497,5.81871325986e-17,40.9670860878,1011,0.00286666129538,-95.2751678465,0.694739084998,3.35680190624e+13,4.89965048996
0.00980709692296,0.0,0.0147210475542,0.938551929752,134,31.1291935096,5.01102957023,0.00786760415404,-1355.81766729,-0.00262637842571,-480.743186273,-212.614864514,-1.1959985453e-18,49.1640787961,1010,0.00262637842571,-371.695786367,0.652130552638,3.30549852216e+13,4.99630852268
0.00984579831597,0.0,0.00567341044111,0.937586467614,135,31.1035422941,4.91746555237,0.00454493862173,-645.839991401,-0.00286114345032,-479.370523908,-212.463666248,-6.57472441896e-17,49.5445363234,1014,0.00286114345032,-80.7834754926,0.693680857587,3.22178671215e+13,4.91179214193
0.00648947450649,0.0,0.0120552485469,0.937018167881,136,31.0882291688,5.04226612134,0.008223453036,-1182.30580179,-0.00223135870248,-478.67269194,-211.816139864,4.83867356989e-17,54.9557135015,1010,0.00223135870248,-245.104678749,0.637128923589,3.17282690892e+13,5.03021087279
0.00935288297372,0.0,0.00645781163303,0.936493213111,137,31.0755597156,5.07537996351,0.00601999990515,-1411.73420627,-0.00298627320576,-478.499525949,-211.652195791,1.38805909572e-16,62.1430115324,1012,0.00298627320576,-80.6486839387,0.620659643556,3.13288249814e+13,5.06892215188
0.00994526627527,0.0,0.0125189978647,0.936136170138,138,31.0660114198,4.9506656356,0.00826624928425,-1139.51424663,-0.00308996073437,-474.425403165,-210.330840733,9.4352907689e-17,52.4006708674,1014,0.00308996073437,-57.6593136989,0.680131264922,3.10311116813e+13,4.93814663773
0.00932425553836,0.0,0.00904364423367,0.935187358776,139,31.0416383918,4.9342603757,0.00882568846207,-1141.26065432,-0.00293472604169,-475.962866256,-210.743464391,5.46503001605e-17,46.7365879892,1011,0.00293472604169,-79.43737878,0.685772382167,3.02839320326e+13,4.92521673146
0.00685327649307,0.0,0.0111383316159,0.934313862478,140,31.019282789,4.8981049641,0.00935949427349,-667.65902221,-0.00244199039761,-474.622076705,-210.292354411,7.62644533767e-18,42.1899100379,1010,0.00244199039761,-166.994413441,0.697709317779,2.96144279414e+13,4.88696663248
0.00982412325144,0.0,0.00704851506313,0.933742216693,141,31.0022397468,4.88380614965,0.0045399767749,-645.449402676,-0.00285532432083,-474.317414763,-210.487378692,2.56619382056e-17,45.3630779389,1012,0.00285532432083,-118.262060024,0.705677900669,2.9113984649e+13,4.87675763459
0.00990752179173,0.0,0.0357015772515,0.933015101021,142,30.9827928699,5.17261348984,0.00561958778989,-1449.00180516,-0.00282620985719,-475.203041631,-210.008334656,-2.44217490454e-16,66.6565917719,1012,0.00282620985719,-158.535936733,0.596456768743,2.85532782373e+13,5.13691191259
0.00997458152313,0.0,0.0114084525384,0.932228147618,143,30.9631041787,4.86745113253,0.00877612134897,-660.769518644,-0.00295542791521,-474.533441371,-210.308677942,-2.14028538331e-16,43.8430334251,1012,0.00295542791521,-93.9390259617,0.721658055376,2.79965996805e+13,4.85604267999
0.00645369455185,0.0,0.00706342128303,0.931743416872,144,30.9491138609,4.94029282743,0.0063472855792,-1126.60585707,-0.00235175746967,-472.342432884,-209.66659316,-2.16632101357e-18,53.0899570069,1014,0.00235175746967,-88.2885371052,0.685167573518,2.76076454925e+13,4.93322940614
0.0098308306889,0.0,0.00810636020216,0.930953168589,145,30.9291451636,4.86194345118,0.00881120994482,-615.905013449,-0.00305127739531,-471.035658593,-209.30742137,7.53567223897e-17,47.0929343145,1013,0.00305127739531,-79.9504535794,0.721818409745,2.70618245811e+13,4.85383709098
0.00970797863577,0.0,0.00569373404939,0.930013578323,146,30.905353957,4.86494538232,0.00411698064121,-633.713897599,-0.00303673154204,-470.937132014,-209.298455365,1.79716097898e-17,45.1791303129,1012,0.00303673154204,-126.623996469,0.715316261015,2.64255895291e+13,4.85925164827
0.00977445923632,0.0,0.00776326394025,0.928890800406,147,30.8767046881,4.86716801234,0.00935823729695,-672.701044815,-0.00277471276899,-472.297377071,-209.763594531,-7.35998700374e-17,44.6025099072,1010,0.00277471276899,-208.158200045,0.717009870364,2.5679257687e+13,4.8594047484
0.00997319386323,0.0,0.0135604779834,0.92897616167,148,30.878186791,4.92801247806,0.00926821666807,-1190.3416214,-0.0026626138278,-469.922340219,-208.603684565,-3.95011847069e-18,51.1594099612,1013,0.0026626138278,-79.7173020715,0.688437331233,2.57173452077e+13,4.91445200007
0.00981550351056,0.0,0.00601929784138,0.928205799204,149,30.8577779237,4.84935801149,0.0052873450955,-581.13278527,-0.00298909246156,-471.056144686,-209.0035405,-4.96706644097e-17,47.4589297271,1013,0.00298909246156,-49.7191508741,0.723989724916,2.51978029906e+13,4.84333871365
0.00993884028763,0.0,0.00643616839051,0.927992679249,150,30.8514890977,4.84998693216,0.00526207868326,-659.412045814,-0.00304004816769,-468.496236381,-208.278622984,-5.15428470814e-17,47.1133822216,1011,0.00304004816769,-167.190603711,0.722735834948,2.50398356268e+13,4.84355076377
0.0097610353269,0.0,0.00909864235622,0.927076891703,151,30.8281591275,4.91439058922,0.00718610442057,-1124.15197633,-0.00284441312073,-469.394929837,-208.15148602,1.9979921516e-16,48.2208965612,1010,0.00284441312073,-195.518577713,0.694149489354,2.44624187557e+13,4.90529194686
0.00642592220518,0.0,0.00846914620502,0.926748087756,152,30.8199632131,4.8291494259,0.00755779313301,-596.069465895,-0.00234479370531,-467.53515702,-207.721125675,5.07440614559e-17,45.5091019777,1012,0.00234479370531,-79.4362937277,0.731296823088,2.42627462339e+13,4.82068027969
0.0065565812219,0.0,0.00678693605217,0.926759406234,153,30.819367481,4.83966755879,0.00724727184123,-665.066638909,-0.00239119099593,-468.19003386,-207.913361966,4.92415678667e-17,40.457286457,1010,0.00239119099593,-163.985740119,0.722758790368,2.42482964413e+13,4.83288062274
0.00992415812147,0.0,0.00559087345819,0.92539429794,154,30.7836358566,4.81997068391,0.00633283876702,-634.012771855,-0.00283863253481,-466.236621551,-207.127689741,7.53520359535e-17,40.2794194396,1011,0.00283863253481,-58.4870187537,0.729531756808,2.33971621814e+13,4.81437981045
0.00647876302383,0.0,0.00252703494964,0.925146686028,155,30.7757437706,4.81348159307,0.0026369040576,-615.977003304,-0.00248749853865,-465.85486714,-206.935528673,-1.21410936116e-16,41.452377994,1011,0.00248749853865,-133.044992917,0.734827847855,2.32132364971e+13,4.81095455812
0.00642360403217,0.0,0.00444278412827,0.923932239421,156,30.7441187848,4.81075607394,0.00283919787487,-661.718613543,-0.00221786534579,-464.832658967,-206.318313919,3.74938772736e-17,41.655537949,1011,0.00221786534579,-156.164001465,0.734781130199,2.24906050543e+13,4.80631328981
0.00659180644258,0.0,0.00492339118512,0.922756903618,157,30.7131093523,4.80845071449,0.00375085687552,-639.39152241,-0.0022724515966,-463.981057976,-206.003768301,1.22775831716e-16,41.0512085962,1010,0.0022724515966,-79.2327278856,0.733496857089,2.18038865569e+13,4.80352732331
0.00657577552064,0.0,0.00494431890971,0.922076229899,158,30.6945280177,4.79169310449,0.0044269960612,-633.28114838,-0.0022540226526,-462.911038975,-205.588274327,-6.80274898157e-17,38.5490161032,1010,0.0022540226526,-140.15829077,0.740963884201,2.14024821103e+13,4.78674878559
0.00649943448735,0.0,0.00697611714678,0.921642771074,159,30.6827610141,4.79911946287,0.00701311739274,-601.342557574,-0.00263470193724,-462.376231966,-205.436990165,1.00549994178e-17,41.4094815196,1011,0.00263470193724,-132.853481147,0.737899920821,2.11521149516e+13,4.79214334572
0.00993082203353,0.0,0.00729713318481,0.920146900517,160,30.6444856466,4.82198857211,0.0091732781716,-662.862189029,-0.00256841541735,-462.884846898,-205.381554709,-6.08560747723e-17,41.319107342,1010,0.00256841541735,-171.263853738,0.727202437771,2.03578081401e+13,4.81469143892
0.00950132560963,0.0,0.00252391298783,0.918441846355,161,30.6018871394,4.80248098105,0.00176969557156,-631.594557576,-0.00317083942898,-464.920041914,-206.146640937,-1.74679123715e-16,39.3045582527,1009,0.00317083942898,-358.909330027,0.737812978145,1.95088073669e+13,4.79995706806
0.00687377501124,0.0,0.00364742318396,0.917946488795,162,30.5900584818,4.82732395872,0.0025507917582,-625.477419685,-0.00245162535125,-465.117847125,-206.242749249,-6.06537103527e-17,40.205096344,1010,0.00245162535125,-354.44413131,0.727177727858,1.92794038084e+13,4.82367653554
0.00665078503381,0.0,0.0176065967656,0.917245479523,163,30.5713343334,5.02899422693,0.00859306972395,-1374.45438929,-0.00203019474109,-463.271493456,-205.226417225,-9.1585672616e-17,58.4804669649,1012,0.00203019474109,-95.7587992685,0.657620216051,1.89217720143e+13,5.01138763016
0.00948917559805,0.0,0.00831193787974,0.917029772989,164,30.5653204474,4.92163911399,0.00550718137926,-1424.26040867,-0.00281484547112,-463.389578332,-205.379638786,1.40738580825e-16,52.3567881049,1010,0.00281484547112,-347.629503937,0.690124328149,1.88083201192e+13,4.91332717611
0.00991855752883,0.0,0.00393827113511,0.916029180897,165,30.5401875913,4.8028568086,0.00260820048921,-663.00106281,-0.00265195514148,-460.648470364,-204.446892107,-1.14024183368e-16,44.0774853386,1011,0.00265195514148,-78.6903034206,0.736202307123,1.83415040993e+13,4.79891853747
0.00984068336842,0.0,0.00535285713042,0.915219662014,166,30.5188518187,4.87179923274,0.00488470665599,-1026.88277033,-0.00264948910593,-462.057422805,-204.841967408,1.65987550518e-16,43.0831922611,1010,0.00264948910593,-354.690260913,0.704387720003,1.79543190705e+13,4.86644637561
0.00990845222046,0.0,0.0062441113066,0.914235597282,167,30.4938945017,4.88342031981,0.00497366336341,-1127.38299126,-0.0026596058641,-462.622164892,-205.013987711,-2.38067257948e-16,45.4440267878,1010,0.0026596058641,-352.124453299,0.701216079124,1.75117727929e+13,4.87717620851
0.00644528826213,0.0,0.00529861319533,0.913528477871,168,30.4747502006,4.81004156261,0.00433860137229,-644.147444687,-0.00225041260659,-461.147768758,-204.564812928,-2.05546155858e-17,42.9043485956,1011,0.00225041260659,-110.297450064,0.733203692662,1.71797108301e+13,4.80474294942
0.00992262524194,0.0,0.00805774352749,0.912938902808,169,30.4597473688,4.79062501166,0.00593998868619,-632.481134704,-0.00277294490115,-459.085369753,-203.685129761,-2.63108552674e-17,40.8331381365,1009,0.00277294490115,-341.981607254,0.741392087704,1.6923890333e+13,4.78256726813
0.00984612681738,0.0,0.0266679674324,0.912506468973,170,30.4465646505,5.07849950287,0.0068872218992,-1354.2721311,-0.00268302847934,-460.804585029,-203.936055524,-4.13757158599e-16,62.3841448893,1011,0.00268302847934,-87.6094364652,0.635098265694,1.67022515642e+13,5.05183153543
0.00993574922325,0.0,0.00509835208343,0.911746370527,171,30.4273958779,4.90031090055,0.00456123433524,-1249.00948194,-0.00277835001941,-457.521542442,-203.003572079,-1.2359123847e-16,49.2060587583,1010,0.00277835001941,-347.252251404,0.69234809799,1.63851389429e+13,4.89521254847
0.00972277100619,0.0,0.00542305871136,0.91153249592,172,30.4215763568,4.89479446363,0.00476131497855,-1353.96518029,-0.00262816634951,-458.206480141,-203.186725002,1.22022541192e-16,50.4081951869,1011,0.00262816634951,-96.1395071379,0.697071326812,1.62900621996e+13,4.88937140491
0.00994453596285,0.0,0.00314026823511,0.910843987053,173,30.4030548154,4.87244386127,0.00254870564525,-1467.54336408,-0.00286147459664,-457.160533487,-202.943658455,1.3552340434e-16,54.3212639155,1012,0.00286147459664,-71.006766783,0.709211036462,1.59911220994e+13,4.86930359304
0.00981274135334,0.0,0.0187150607631,0.910674721356,174,30.3977102916,4.75992584587,0.00568043967705,-637.77633908,-0.00293165187459,-456.156800777,-202.53801842,-2.38710080543e-17,39.9946046855,1010,0.00293165187459,-95.678162675,0.759572248833,1.59058851456e+13,4.7412107851
0.00997197112051,0.0,0.0106220355248,0.909879848214,175,30.3768763704,4.93429676165,0.00776015023884,-1295.11225917,-0.00289613973487,-456.856144242,-202.531230887,1.78735588488e-16,54.1307164003,1010,0.00289613973487,-356.88270548,0.685411697422,1.55779313313e+13,4.92367472612
0.00642918118,0.0,0.00741139956105,0.909293281078,176,30.3616091268,4.9389642327,0.00600183583085,-1418.11351435,-0.00230871455817,-456.473280145,-202.11270046,2.8129094725e-17,55.7015351367,1010,0.00230871455817,-352.627921796,0.678906324891,1.53419055757e+13,4.93155283314
0.00651548097873,0.0,0.0101458955634,0.908954072601,177,30.3529998233,4.75728205244,0.00758437200884,-641.325031404,-0.00233799504441,-455.91506713,-202.45930945,4.24453996892e-17,38.2043629871,1009,0.00233799504441,-344.755581813,0.761167112368,1.52103893984e+13,4.74713615688
0.00972904559277,0.0,0.00812432866754,0.90815477055,178,30.3300808131,4.95914000104,0.00644453173847,-1312.67884959,-0.00307509121328,-455.092862365,-201.631393346,-5.02932586422e-17,55.1850980435,1010,0.00307509121328,-350.295407069,0.670338208834,1.48657468476e+13,4.95101567237
0.00992690788421,0.0,0.00877421820284,0.907566631147,179,30.3140509013,4.83171918549,0.00592916224138,-1207.05756485,-0.00320678714737,-452.184781676,-200.583965664,1.23934429196e-16,45.9038222063,1010,0.00320678714737,-353.268978475,0.722419053561,1.46293500085e+13,4.82294496728
0.00659609110815,0.0,0.00495749091964,0.906602543425,180,30.2873711987,4.86539740187,0.00392112074675,-1453.54646086,-0.00248231143194,-454.106289916,-201.402494223,-2.67387469315e-17,51.5039388132,1010,0.00248231143194,-355.800829221,0.708509512218,1.42442039378e+13,4.86043991095
0.00982332102781,0.0,0.00285392113093,0.905800690276,181,30.2653993647,4.83725448929,0.00198957990261,-1181.42086478,-0.00271165968227,-453.817993382,-201.412499757,4.11312201892e-17,46.4212274689,1010,0.00271165968227,-352.00364502,0.720478442173,1.39346458865e+13,4.83440056816
0.00961907767904,0.0,0.010462258121,0.904947294385,182,30.2432296388,5.01883245137,0.0092386358074,-1326.92135995,-0.00305739299753,-453.684265792,-200.962745968,1.66406388126e-17,58.8718920278,1010,0.00305739299753,-348.82289817,0.643242744722,1.36291178563e+13,5.00837019325
0.00967595789318,0.0,0.0173544360433,0.903472792695,183,30.204470934,4.77405124063,0.00999469513487,-621.130910521,-0.00278557225745,-450.628338082,-200.390393163,1.16229756431e-17,41.5317536187,1010,0.00278557225745,-102.901796694,0.757721695413,1.31109769976e+13,4.75669680459
0.00998608811287,0.0,0.0129123214361,0.902463893678,184,30.1767725501,4.76568618581,0.00930326097594,-604.826897946,-0.00322594412143,-451.426356303,-200.436033294,1.60347453848e-16,38.7273120747,1009,0.00322594412143,-345.23515676,0.756155400681,1.27528073815e+13,4.75277386437
0.0098029723892,0.0,0.0110327076258,0.901629510754,185,30.1544293132,4.74452104687,0.00942441405464,-601.760087976,-0.00249877616214,-448.388463591,-199.5068126,-2.74978806381e-16,40.834016617,1009,0.00249877616214,-345.582107864,0.761801129364,1.24710280391e+13,4.73348833924
0.00643301939636,0.0,0.00444899303956,0.901190326788,186,30.1418995496,4.93297098121,0.0050001357013,-1215.52183345,-0.00230711855594,-451.730611986,-200.402151808,2.19219008469e-16,52.2744293828,1011,0.00230711855594,-350.015079871,0.680825554397,1.23157438741e+13,4.92852198817
0.00645439306023,0.0,0.00716127702383,0.900856289324,187,30.1327392606,4.74060898032,0.00693866815763,-628.911865527,-0.00254716100145,-450.570209766,-200.001226845,8.97278067286e-17,40.194623618,1009,0.00254716100145,-350.56974299,0.763678643325,1.22034432391e+13,4.7334477033
0.00958575925387,0.0,0.00684003947349,0.900068545233,188,30.1106211638,4.75116972046,0.00750316667183,-800.996853921,-0.00275311274078,-448.871545221,-199.527383571,-8.11030906804e-17,39.3772398878,1010,0.00275311274078,-342.25996998,0.755023789293,1.19364894386e+13,4.74432968098
0.00991911011061,0.0,0.0102144158328,0.899702895658,189,30.1001133354,4.71878108553,0.0097464702872,-628.145831853,-0.00302601381294,-449.050180075,-199.74173916,2.18905391556e-16,40.2130075673,1009,0.00302601381294,-346.4892514,0.770303792995,1.18117195341e+13,4.7085666697
0.0098456408027,0.0,0.00825642704288,0.899441674747,190,30.0920410866,4.78669979376,0.00913315765202,-1041.45227894,-0.00281601651923,-448.794268061,-199.150712856,2.75620650266e-17,43.5273516246,1010,0.00281601651923,-352.071327356,0.737226462125,1.17167561949e+13,4.77844336671
0.0064797592105,0.0,0.0201322503954,0.899026669527,191,30.0804268571,5.06151387758,0.00310147164202,-1389.03619764,-0.00221877768119,-449.791414669,-199.001977777,1.15371849672e-16,60.6267536333,1010,0.00221877768119,-361.636399413,0.635897372395,1.15814622879e+13,5.04138162719
0.00950208493783,0.0,0.0147696953624,0.898139005902,192,30.056520352,5.00760535789,0.00720185097888,-1323.17159058,-0.00259437827957,-448.283453634,-198.610204285,1.69525148342e-16,57.1476961819,1011,0.00259437827957,-79.0294587105,0.646213788487,1.13078733088e+13,4.99283566253
0.00948173934414,0.0,0.0142756932399,0.897006469429,193,30.0256889155,4.98140410874,0.00926315070717,-1221.50347681,-0.002693758925,-448.520715671,-198.816545507,6.79861879605e-18,54.0931254867,1012,0.002693758925,-350.194463582,0.655016989181,1.09645550237e+13,4.9671284155
0.009803403831,0.0,0.0143298364353,0.895912105675,194,29.9933884279,4.76960657782,0.00847784169506,-652.617412846,-0.00285986646856,-446.368354306,-198.208555352,2.22891851435e-17,43.3852689287,1009,0.00285986646856,-343.273898291,0.749345005559,1.06160532391e+13,4.75527674139
0.0095857396316,0.0,0.00422248523325,0.895401441129,195,29.978017817,4.86666259556,0.00345880463342,-1302.55550605,-0.00288122738655,-447.388798846,-198.590734277,-1.66140182489e-16,51.5237028034,1010,0.00288122738655,-347.449547156,0.703251843908,1.0454125666e+13,4.86244011033
0.00643455192192,0.0,0.0124206536608,0.894388578332,196,29.9524849012,4.74964675347,0.00935840527912,-611.052157662,-0.002045397867,-445.246908761,-197.808919802,-9.67005354769e-17,40.9294567031,1009,0.002045397867,-343.644115226,0.752546111503,1.01905802152e+13,4.73722609981
0.00994487077302,0.0,0.00694447925293,0.893500954865,197,29.9282263076,4.83692358293,0.00682646744887,-1196.550535,-0.00277932551508,-445.091461333,-197.385565723,5.76296624788e-17,46.052226157,1010,0.00277932551508,-349.735281048,0.708590825167,9.94634544473e+12,4.82997910367
0.00990880217981,0.0,0.00371153164783,0.892514483975,198,29.9026255424,4.80833803102,0.00442094232077,-1155.90744429,-0.00287116935346,-443.406265304,-197.070196911,5.83627467594e-17,45.4691759876,1010,0.00287116935346,-344.049235369,0.72171264688,9.69494316594e+12,4.80462649937
0.00998605619586,0.0,0.0026033327292,0.891488002228,199,29.8743389249,4.80199109565,0.00239269313848,-1178.75515856,-0.00288365995223,-440.468273093,-196.00212392,1.14623952851e-17,46.753024959,1010,0.00288365995223,-344.989231718,0.723395813435,9.4245483238e+12,4.79938776292
