0.0044781952286547565, 0.091680227013355528, 0.0019669998473305639, 1.5295991194032743, -0.0017745074896691384, -0.0047536771060078791, 0.82357351809339607, 0.010548205774939385, 0.0091260198182078443, 1.908226266161579, -0.44219057826160335, 0.0049926284967471441, 0.8254021956543941, 0.011581966299328953, 0.010495749121041127, 1.9140024869531225, -0.43893757524708943, 0.0045920259437554666, 0.057742173002358246, -1.4906935639924328, 0.050125789418427262, 0.2447978698105156, -0.49248993673979785, -0.023259541245802637, 0.59277875611259623, 0.15670705305287286, -1.5635689716899457, 0.43713454697352783, 0.72426223859802286, 0.0021190283421520942, 0.0026206879439086769, -0.003926237817644793, 0.0025552974858558475, -0.0013270561412352978, 0.0042167349155864389, 0.0047711929536451729, 0.0022013663729185664, -0.0011703714460797199, -0.00040562733059100291, 0.00052424007509756319, 0.003973557917910475, -0.0034488741815713142, 0.00088190870576504345, -0.002160875551166468, 0.0038198760169442991, -0.0047383351104823565, 0.0048127238942065739, -0.0018553919870661173, -1.3042513371940012e-05, -0.0040128788663985658, -0.00047193275541664893, -0.002304142386519892, -0.0034467667641960966, -0.0021199226685547391, -0.001360042958441865, 0.0041673376472920473, 0.0012437655239006329, 0.0034683341560873852
-0.0040587316638471772, 0.08764671603744216, -0.00059963105059401053, 1.5322613644726812, 0.0045707959367732596, -0.0021219306854450394, 0.81935280393903398, 0.003912392371412908, 0.0047086304991343824, 1.9087231328253114, -0.44407377013295091, -0.0013492046772304441, 0.82006511491817335, 0.0032419438177983132, 0.0047812953672279794, 1.9150793285031693, -0.4432029956188373, -6.9466898851227622e-05, 0.056051173110211114, -1.4940418047086208, 0.049135029608172114, 0.24626542625244383, -0.49027577799481969, -0.022688689927013679, 0.58725225058410691, 0.1558683706431884, -1.5625016900510438, 0.43156470636976879, 0.71945490532409417, -0.0035009144202068632, 0.0019667296003482672, -0.00059453686113852735, 0.0013633732036185424, 0.0027457147338891376, -0.00032665922825106126, -0.0010049108690265464, -0.00070320076450696052, -0.0025695974536143465, 0.0031119682894955635, -0.00019513320962092143, -0.0041351725758638916, 0.0001682514781212105, -0.0019067855347721942, 0.0015040588575253701, -0.0028799131547512747, -0.004154408228858486, 0.0010803441913315014, 0.0024258417084778491, 0.001548008743974834, -0.0049610300556190848, 0.0038437927597166658, -0.0039583280027965448, 0.00022109115638965088, 0.001107726616140876, 0.00062631325832471999, -0.0045604221263941813, 0.0045055689660989896, -0.004994082797872181
-0.0047731645944195109, 0.091783685383004493, -0.0033483335363772614, 1.5298565589608182, 0.0031775917355100379, -0.0042047720956430116, 0.82431773511745066, 0.0020912837555540258, 0.0053643240408368046, 1.9124034485181733, -0.44397975846993643, 0.0051500164538486933, 0.82267075818220914, 0.008088318611015697, 0.009162597158874115, 1.9089391668942499, -0.44092512177438092, 0.00087468829663274244, 0.056396341283827582, -1.4976044082735043, 0.049039251619801515, 0.24859759194121256, -0.49586008735315062, -0.014210319417899256, 0.59325876478361594, 0.15874478509043219, -1.5610901825389945, 0.43514231654831909, 0.72104906211623909, 0.0025015800739319151, -0.0044609714420443163, 0.00052406282630597639, -0.0017254336825435748, 0.0030683547424119146, 0.0025600681139533081, -0.00076886259753336864, -0.0031903443724899108, -0.0033803673859531102, 0.002174138610103086, -0.0049207207622198783, 0.00063022522587594196, -0.0049416719600767359, -0.0028568190769750535, 0.0047883098366487695, -0.0021728953383368822, -0.0020680351169925595, 0.0023609944403806451, 0.0017621291846044137, 0.0041256055796680133, -0.0010968687724511005, 0.00053551348743386892, 0.0020004358149196388, -0.003081633363923746, -0.0046706768606000213, -0.0044079354782632562, -0.0044998407643471383, 0.0035680792594720437, 0.0049708045609951389
-0.0014269112416163752, 0.087297930908951563, 0.0010505147698508391, 1.5346592510236292, 0.001253926204042949, 0.0014708207559479269, 0.81735861371616403, 0.0089101104471719095, 0.013678346806779894, 1.9142177261135001, -0.43764204414434799, 0.0022508460904275074, 0.81566842207639723, 0.010331247135834916, 0.0098615642036275642, 1.9072673764716992, -0.4412678195172367, 0.0032960351251304313, 0.051624060781837094, -1.4941210572921084, 0.054562955579154603, 0.25290865859173295, -0.48900431805287042, -0.02011522625417617, 0.59373770512806512, 0.15625911361424713, -1.5588575843569021, 0.42837993533546898, 0.72355410030510725, -0.0034119674833942948, -0.00014363739477320052, -0.0018995867126815982, -0.0042990190539993591, -0.0039113683069404237, -0.0025136818838972508, 0.0017469183483516115, -0.00022165641957538201, 0.0027686136967017107, -0.0030301629511696616, 0.00027405403027439077, -0.0015372998755350089, 0.0035569854018558293, -0.0045799995922855873, 0.0020904922684616715, 0.0032626381256911806, -0.00086089231458888731, 0.0029095089898271498, -0.0049902686229742147, 0.0024565674272478931, -4.2941001197204128e-05, 0.0032087138861528136, -0.00056802797672764194, 0.00046982557327793911, 0.0039485446614178623, 0.0016692938379996407, 0.00032856340793249207, 0.00083376440696326069, -0.0045067870759096466
-0.0015046902754411607, 0.087360737841668673, 0.0040292327877435299, 1.5334334910507563, -0.002685031440099901, 0.0032197849853018859, 0.82259528312326124, 0.0064613248402528153, 0.005983944882860282, 1.9164262348487124, -0.44229614801219996, 0.001176192754621786, 0.82000355419814486, 0.0019445224539021656, 0.0058096065100835389, 1.9078378645298295, -0.43753097317365597, 0.0066731815512532534, 0.056206810593884521, -1.4963215663170399, 0.052144238022075406, 0.2486951547128593, -0.49167845430010626, -0.022773775371039112, 0.59368616289826703, 0.16339398223023044, -1.5632826072875605, 0.43084607073742942, 0.72383139501386218, -0.0046413382414186022, -0.0024359265373154228, -0.00048726331238054237, -0.00068960326367849181, 0.0016862743211340696, 0.0017425172752041961, -0.0042361105433559431, -0.00016467419594062317, 0.0043628891791805133, -0.0015851499268402904, -0.0049768571452487786, -0.0018947086444814319, 0.0041839927695359472, 0.0014918786497171892, -0.0028318041767960555, -0.0010319827417962276, 0.0013630675865562644, 0.001306735786006534, -0.0027775395813748748, -0.0032194028103790084, 0.0047864393495680559, -0.0041174283776750789, 0.001379968186369325, 0.0045734380993734799, -0.0024244139649411047, 0.0040961367181205988, 0.0014747405184729109, -0.0011239749746947479, -0.0026001307292937105
-0.0026360313601895501, 0.093075351238311135, -0.00034324748647948135, 1.5262925802799217, 0.0041333997239319182, -0.00028801060176983449, 0.82424386543806016, 0.0085227944692395398, 0.0049991498781458117, 1.9104607704696726, -0.44402861232913926, 0.0078204840919720159, 0.81894758523145528, 0.0087106273528866785, 0.0098741203093889035, 1.9149798614565636, -0.43996604452743943, 0.0018055881780709134, 0.055999937442783455, -1.4907062924249064, 0.045590316580532135, 0.24746326032266436, -0.49127074389462605, -0.020615055452600489, 0.59506476566732935, 0.15469285349151607, -1.5615173011038472, 0.43310900513286399, 0.72502671668365504, 0.0046092804002166787, 0.0038169214156294371, 0.00016583662490512584, -0.0034090401249380975, 0.0016278363908550945, -0.00085448425044696002, 0.00043347438516409906, -0.0042631227961353281, -0.0049519694659255643, -0.0040062740915790306, -0.00066682825522610539, 3.7903406773325682e-05, -0.00010351175584322452, 0.0029163449164769572, -0.00035042393436933179, -0.003631602300969654, -0.0041314645261439934, 0.0013287772572555083, -0.004188252313030617, -0.00072583267660704474, -0.00087726847715555948, -0.0040158633413947455, -0.004553934105054315, -0.0031327588451859302, 0.0026499702769201047, -0.0029762748222117198, 0.003442871246011372, 0.0045013682886958515, 0.0012244758779806457
-0.0041010915456320754, 0.090920987922095159, 0.0013276954218150129, 1.5346813470214375, -0.00080879298044126986, -0.00088576992867273312, 0.82479810509920559, 0.0039448861399444283, 0.0049388744402630008, 1.9093101304924571, -0.43636705973874285, 0.0079895544254904773, 0.82385822066211589, 0.0066128112469409188, 0.0089614299665203255, 1.9127745620377774, -0.44385457814359869, 0.0079838764645571055, 0.056930845098001247, -1.4957690282786027, 0.048814264193239504, 0.2440160631765306, -0.4937565944954499, -0.02302856048685864, 0.59230195295687549, 0.15742661199172545, -1.5614409607753637, 0.43073035986500507, 0.72849442971589551, 0.0023347926620263318, -0.0027388780264703595, 0.0038311220199892778, -0.00013307541374363643, 0.0035937904441917723, -0.0038719440435301634, -0.0023331716744598953, -0.00061630031313586204, -0.0042238391476370719, -0.0029196709087087845, -0.0049451992671718991, -0.0017799089936166735, -0.0017969194204678551, 0.0010581703328792318, 0.0040935841260822991, 0.001844416894960137, 0.00022780973186852568, 2.2678647681005117e-05, -2.353373891875437e-05, 0.0022603516887217756, 0.0041014211152661456, -0.0030986626183620034, -0.0039337443478381232, -0.0029811458786784682, -0.0017254602959913433, 0.0010587809616224245, 0.0024019256662002574, 0.0034766071026850172, -0.0048721855603661799
0.0025936926118306112, 0.09408161662775491, -0.00069998473280724356, 1.5260847689877104, -0.004879980597503596, 0.0039833437702926173, 0.82249316668974137, 0.008079950286356493, 0.013266139816743357, 1.9123795898333282, -0.44176056378029138, 0.0063679048151029198, 0.81883439214628051, 0.009635673997902475, 0.013113742726957534, 1.9090332753612971, -0.4421492072331823, 0.0030904161619718712, 0.049983386689534441, -1.4921458885754708, 0.047078387085481767, 0.24832490028620935, -0.49269422750961916, -0.01519072686718401, 0.59097326059179078, 0.15486284289602703, -1.5595654372020658, 0.43528436200806919, 0.72128291060059135, 0.00039257362632891171, 0.0036451452827259935, -0.0022981110966361486, -4.0526253818680413e-05, 0.00084731364310305923, 0.0045207064970977174, -0.0040989113725986362, 0.0024028867653480522, 0.001012968154187591, -0.0019324114156094628, -0.0041856596825523276, -0.0024585615030682361, 0.0017250969296078956, 0.00075733454745495997, 0.0035332611641228284, -0.0041641512309283091, 0.0044222034241144332, -0.0036085148892462215, 0.0032649052000479203, 0.00082999492446569206, 0.0016983701177068333, -0.0033306658938100898, -0.0017752326055800248, 0.0031707517802521496, 0.0036316762532101971, -0.0028882718871150047, 0.0016856158679267475, -0.0049836929759992576, -0.0015618464306229587
0.0026968259516035676, 0.091279709322212868, 0.0028860731830662985, 1.5297785798589187, -0.0015766477916769328, -0.0011808761352126206, 0.82507899221716841, 0.010850529254176162, 0.010940087230726942, 1.9151767591630264, -0.44070682543450007, 0.0056710535226234364, 0.82254486695079587, 0.0096014851170272957, 0.0084779646576134335, 1.9141272819254609, -0.43709932316470335, 0.0067728327183118071, 0.054462133078810933, -1.4967879428878357, 0.051079286649591236, 0.25205328185267512, -0.49633141001969361, -0.018616108438049152, 0.59136633828687757, 0.15402039176941318, -1.5588874132867536, 0.43322755779453798, 0.72818803788108055, -0.00099051857287945667, -0.00084716086994768552, -0.003161183455739769, -0.0019249828811190527, -8.2524387293066159e-06, 0.00062589444264841282, -0.0010318360963954658, -0.003405468751131856, 0.0033419504182507472, 0.0028647891398349947, -0.0045325382846448433, 0.0012075027026048112, 0.0026843898764721688, 0.00447160587013624, 0.0021598720279157645, -0.0001241288363631023, -0.0036441562919561667, -0.0029185393920942914, 0.0031236362756369906, -0.0019995044616420133, 0.00054109020836725676, -0.0019303320464533458, 0.0022634734841357222, -0.00015731989740431183, 0.0014504166664839925, 0.004892381337462612, -0.00053143814359610676, -0.00024630450995335573, 0.0025819929888849444
-0.00062871479678621237, 0.0960771013961077, 0.0022739597675642976, 1.5336428485476186, 0.0041367866101476953, 0.0032270501229374306, 0.82233935784190015, 0.009454285796888489, 0.0064615287075486041, 1.9099145322363502, -0.43792200114059882, -0.00089008041496153184, 0.82011803598407784, 0.0028031002225864243, 0.013122949609933401, 1.9117223813295858, -0.43975034212213399, 0.004751215625337449, 0.049413164681333846, -1.4987541306513077, 0.052424697562262361, 0.24638747381491186, -0.49191749420280551, -0.014344134198162158, 0.5908859695311971, 0.15889080279987761, -1.5617049561965051, 0.4306886311527332, 0.72501880638357585, -0.0014807339951791476, -0.0022670031619143848, -0.0031084587274760257, -0.0029848389052794678, 0.0017794367972727163, -0.0013492084604621369, 0.003493690410520279, -0.0047719713360073858, -0.0028442582520102002, 0.002716309985299553, 0.0023584719843963622, -0.0044744222649599494, 0.0029019712743738124, -0.0013515866859818717, 0.0048748534227107719, 0.0048230962945041414, 0.0016175478121898046, -0.00048060092370854658, -0.0024046007241821923, -0.0049199324867211279, -0.00095983599975502445, 0.0027170714724810939, 0.0020715146635415715, -0.0010896405023813668, 0.00041351689774439884, -7.0660242311324818e-05, -0.0034350957686540042, 0.0010215758646302175, -0.003402017856167634
-0.0013578673695057199, 0.089080757139727254, -0.0021471857105742811, 1.5328661703222544, 0.00046027500975150733, 0.00054655859841079221, 0.81949867747371452, 0.0083075521378766764, 0.0046001835119324017, 1.9138861060667225, -0.44425104912322422, 0.0039124235667287099, 0.82546153564166569, 0.0036096766651698945, 0.011520666352122427, 1.9105201529587106, -0.44393593926398917, 0.0077146681808868602, 0.052271762712637219, -1.4916409509242956, 0.049989755558770152, 0.24524500098655011, -0.49470709562688064, -0.023265753861713378, 0.59655704881379423, 0.15949902293208809, -1.558985756739248, 0.43689632710590393, 0.72538868790169553, -0.003529260740744884, 0.0015464047620559395, 0.004267129905289979, 0.0031289248856544273, 0.0042361626659870076, -0.0034635036556253042, 0.0034992854307493359, 0.0035340345626897847, 0.00093487026949696378, 0.00033962401845311421, 0.0037977131521867808, -0.004512424613786049, 0.0014313765815282022, 0.0026493680997311773, -0.0016607142227224934, 0.001441859778491433, -0.0045995729844821188, 0.0044007273151108499, 0.0017870503255662763, -0.0045204798543609405, 0.00030015196010515274, 0.0038702938778601313, -0.001962188538318903, -0.0031699535617001518, -0.004293816972434486, -0.00081257053386306691, 0.0002474952751356594, -0.0043131761569023472, -0.0017331374715920146
-0.0042621205558792952, 0.091013022949103101, -0.0035052986680170306, 1.5329906358934919, -0.001537114065720858, 0.0018990900477574898, 0.818264503446403, 0.0079951427484698211, 0.012241144359178505, 1.9170425405019005, -0.43988574159446348, 0.0018882134662693015, 0.81585145308334417, 0.005880176462851089, 0.013324316272790168, 1.9122792393617791, -0.43670134973321945, 0.0017878932542818543, 0.057432416713248023, -1.4939524399571926, 0.050666784754259356, 0.24456085482918385, -0.48820276004105373, -0.017366967023681363, 0.59123660184603699, 0.16007294220556645, -1.5632359072776307, 0.42951442904289827, 0.72325597840293088, -0.0016734838464742795, -0.0049868885156138442, 0.0041831468869685208, 0.0039743359615921755, -0.0028347336365701714, 0.0023000305242216294, -0.0021138335831378864, 0.0006210548087436504, -0.0019673252343212154, 0.00038417668668714114, 0.00060365533935455643, -0.003268675031301238, -0.0040357352067401896, -0.00087297453934167667, -0.0014386375308660603, -0.00094268614676960329, -0.0047629973473500686, 0.0042942632559662972, 0.0041069071830142122, 0.0024256881025476393, -0.0037775125663429146, 0.0021969599295160345, 0.0010879367966226891, -0.0044796953685499194, 0.0023082701162391965, -0.0047778742932671394, -0.0039813461755572269, -0.0035952988942754803, 0.0047931957243918704
-0.003936984797156767, 0.093411901077114487, -0.0029725365587903139, 1.5293471979342277, -0.00063287962315653444, 0.0032375390011605059, 0.8212967341016737, 0.0042837639726807757, 0.01315800974489139, 1.9109740317032835, -0.43484725919145389, 0.0016103883786356961, 0.82488943474041165, 0.0040133338684616559, 0.012034390328730857, 1.9114940629491288, -0.43834776054316837, 0.0038739477251536246, 0.056403403436538851, -1.4903379559121861, 0.046961118923076313, 0.24511856889435238, -0.48921445384741252, -0.018321314421421313, 0.59613332014163756, 0.15631989929987289, -1.563694876198181, 0.42795374959108035, 0.72045278815454283, -0.0022631538038341559, 0.00038658691871091416, 0.0024458064187489956, 0.0047904043998921531, -0.0031680576134597727, 0.0038841967531110704, -0.0033910540493757328, 0.0015822697640055609, 0.00038301613264888484, -0.0009238602743294657, 0.0047351168547920758, -0.0038078648319486864, 0.0010762205767882145, 0.0018592797897073058, -0.0022003706623395479, 0.0020118024492635968, -0.0021313955165913477, -0.00031443513986954223, -0.00063609372263046665, 0.0039699616746445071, -0.0011771593493016164, -0.0024200874048903921, 0.0049922552331141028, 0.0045940345253203682, -0.0031673196842004338, 0.00260881189942025, 0.0027773961977273455, -0.0049242670578270673, -0.0048849310717450755
-0.001624300164086062, 0.094453045578348285, -0.00309098883952744, 1.5333970756749344, 0.0045193977713679388, -0.00061167833538446938, 0.81986604108927175, 0.0034357638110891981, 0.010366836154223529, 1.9094692809904625, -0.44277758860420752, -0.00011484112639256793, 0.81644655604507743, 0.0097444351149605819, 0.011191584263443157, 1.9116087942041777, -0.43770342422816844, 0.004354696225866512, 0.057653842732319126, -1.4905604086204567, 0.047465361434701259, 0.24473129095859558, -0.49138454352563987, -0.015038404147530788, 0.59238613211179381, 0.15383824912411939, -1.5602850583632637, 0.43265672912630498, 0.72835022857639098, -0.00011257950467060199, 0.0012289147937392568, -0.0013256109249152647, -0.00062244196188000495, 0.0039477741506772661, 0.0034840947925508089, 0.00067023973082639896, -0.004101455581764374, 0.00013870537674487947, 0.004786991963765439, -0.002894537215576557, -0.0016461143477242281, 0.0018791338749374418, 0.0028002529835700774, -0.0009953306571158782, 0.0019486527445658174, -0.0003209945139111799, -0.0043279701413197359, -0.0043731671101356175, -0.0025143514804526236, 0.0017397780186702572, -0.00094715820925695988, 0.0032179132622889755, 0.0016969024106359056, -0.0021276994800761106, 0.0046814304326019242, 0.001331908766650786, -0.0045768925774888822, 0.0017992780636400963
0.0004910729467834541, 0.087086328181197561, -0.0041143850380588763, 1.5340875163301051, -0.00082093364031720489, 0.0017682861583388576, 0.8223111968561444, 0.0077052779808240712, 0.0084394174896403901, 1.9129098631753607, -0.4397535335270869, 0.001335680876828099, 0.82031880466751683, 0.0083559928077512474, 0.0074806482728489096, 1.9133721162761073, -0.43632012843474505, 0.00094897361035851079, 0.057738974081392891, -1.4916774151280157, 0.055366240052748643, 0.24574956634138567, -0.49442585706148684, -0.022233655985639478, 0.5911241676554243, 0.16057006975662502, -1.5592890042062406, 0.43588761226950745, 0.72172843424894606, 0.00044115680790643517, -0.0011006087751328796, 0.0013190189394857131, -0.001599339846365976, -0.0048536846171030844, -0.00029907621282062886, -0.0032185498284846414, 0.0040167157639356818, 0.0035028366428685514, -0.0017862258976369507, 0.001021494008576848, -0.0024025371895595093, -0.0035088781191956343, -0.003385468674467285, 0.0042638804758266145, 0.0043190794809264419, -0.0025022843330368004, -0.0033925724895647815, -0.00073017789471339044, 0.001862507750922472, -0.0032650107240338091, -0.00055431771345604199, 0.0014657227321679444, 0.0015019304227024601, -0.0048016146507988341, 0.001313488374624726, 0.002936090832335884, 0.0047893993947598175, -0.0044940715635907189
-0.0027576170558670197, 0.095545494596258232, 0.0014869545855999344, 1.5287520916144277, 0.0042774822426177939, -0.00093578463449482761, 0.82027826708315088, 0.011289692495191786, 0.011241656018949747, 1.9096048043944172, -0.43667981554201091, -0.0010505861902903009, 0.82235203372242749, 0.0093486833139305951, 0.0096825117291587746, 1.9105864780613608, -0.4426769070719031, -0.00042902422813345057, 0.056495246741046806, -1.4931000442971414, 0.046857285858511608, 0.24421520646282041, -0.49535568439144967, -0.018242758440963472, 0.59602399981235965, 0.15570862010152373, -1.5635696549822675, 0.43396176735962666, 0.72273736469974181, 0.0033072412839976655, 0.0015591982709770771, 0.0031800585331806215, -0.00030972412796789663, -0.0037742846957339359, -0.0037837024943551487, -0.00070454751185413354, 0.0038428462572709125, 0.0022994824405798506, -0.00090172408690152289, 0.0021351613393061708, 0.0015768389468797392, -0.004911780741861097, 0.0022210597519764551, 0.0029453420046029874, -0.0010773176123685061, -0.0036915128511986542, -0.0021827304508452361, -0.0025568567958630661, -0.002932051211649044, -0.0045856219424673253, 0.0019610707185851303, 5.2714030942948437e-05, 7.0331620840944492e-05, 0.00028816921761157764, 0.0037721672965577496, 0.002235705074911689, 0.004736965949074092, 0.0021121358681736061
0.0013060266044126025, 0.095196106600024824, -0.0026318073073602287, 1.5285610537272039, -0.0046330073095479799, 0.0015328324280428195, 0.82104108399090492, 0.0047285610979240058, 0.0043530731605680214, 1.9140975965767386, -0.44413020635067207, 0.0023141691045044281, 0.82542420803704553, 0.0040271300152197528, 0.0069804634734752791, 1.9158048801733119, -0.43538905870202971, 0.0058227855845698773, 0.057876212158970007, -1.4919298486838379, 0.048836451927376158, 0.24748299066690671, -0.4892757263717693, -0.016745117617552329, 0.59518003499193917, 0.15604731543370884, -1.5646384308285362, 0.43209501628686536, 0.72591596940917658, -0.0015927955181738928, -0.0025155022661301806, 0.0032235719465690199, -9.5375488266869618e-05, 0.0023949144823557852, 0.0038179713025945942, -0.003758136038980875, -0.0022528533122865503, -0.0046173466093056802, 0.0020615978651789798, -0.0029408575552195716, 0.0043514296000741444, 0.0021552948638722761, 0.00050594437585390305, -0.0022263088606177851, -0.0049884226106332715, -0.001414300165113709, 0.0012450950293662029, -0.0048813177709934562, 0.0017605730190049821, -0.0034323006108871179, -0.0038928685861320412, -0.0014449685617085838, -0.0046015379477361909, 0.0012389333775579226, -0.0035813263477963409, 0.0028371239218791542, 0.0039000233777410935, -0.0019641293832377551
-0.0011728334091053315, 0.089073711881450274, -0.00289725724783783, 1.5329057898432121, 0.0015715618517811889, 0.0042517583918698408, 0.82349746847948391, 0.01092177207623413, 0.0058605152209175015, 1.9124548135677975, -0.44172840821140436, 0.0065424347686710918, 0.82484994638023346, 0.0042157535357860917, 0.01237981953376369, 1.9125803152615493, -0.43890688351100027, 0.0067231103625084235, 0.04876811020270682, -1.494840374229111, 0.046543798608805614, 0.24790938832866369, -0.49539564731501107, -0.014536159116846897, 0.59400524038991553, 0.16073132877685567, -1.5659555993986476, 0.43422550940967208, 0.72630036902093198, 0.0014868356032461923, 0.00019658979273955331, 0.00078184627958123327, 0.0020830132903592539, 0.0035049957501107351, -0.00010694712206128169, 0.0044247544035395927, 0.0023545725750045874, 0.0045095075332692207, -0.0010150048899621421, 0.00061887226373901622, -0.0041996218961228102, 0.0018383207175587443, -0.00069546135280215346, 0.0045943078613359207, 0.0028565131459923404, -0.0042240046745850544, 0.00094007629336826954, 0.0024393808176656206, -0.0013437301249561353, 0.002634028993753138, 0.0016977366154295407, -0.0048701371749383104, 0.0026359109387659833, 0.0042820173396094481, 0.0025583974853328108, 0.0019995074474199711, -0.0034030070317672993, -0.00090277000414494806
0.0026326042386485352, 0.095829618467296901, -0.0013905086091722052, 1.5308516340512734, 0.00040848611062556037, 0.0004928363695277261, 0.81835019559980815, 0.0070504366755440801, 0.011322026262206967, 1.9145988077555558, -0.43626136441470292, 0.0027277874805260423, 0.81599908781884412, 0.011428496909950722, 0.0089027632236971105, 1.9151318871065695, -0.43752786956112039, 0.0048894686351713627, 0.052498335742052149, -1.4969950767632745, 0.047357545968787294, 0.24376086518869455, -0.49441479871019856, -0.021551327476224638, 0.59019689751116922, 0.15890637302870222, -1.5598106675485135, 0.43013355362324085, 0.72488292585000536, -0.0046255821310103896, -0.0046627903433331319, 0.0022584790252038718, -0.0022728452694198843, 0.0012232932261100104, -0.0019977044009116041, 0.0030599279835333256, 0.0015388474898639214, 0.0013149486432903453, -0.0035033343597634836, 0.00010217468158802648, 0.0046137657569835918, -0.0023507604622790891, -0.0021727909344332308, 0.0018718410030483254, 0.0048717925038042455, 0.0032915123262774642, -0.0012548564265369802, 0.00027215223765248309, -0.0032441011879520221, -0.0013225665056385404, -0.001309206904254775, -0.0029455070935228565, -0.00014167626878960112, 0.0025950871611984602, 0.0023852134002836454, -0.0030259395746899055, -0.0027304956785376613, -0.0019689337422210051
-0.0017313138742039045, 0.08988628706258138, 0.0035228925141210761, 1.5342973010931957, -0.0029083872147015722, -0.00074715857103387247, 0.81895010576778227, 0.0068557579138701719, 0.006103933454242318, 1.9127547627085224, -0.44069979128616882, 0.0022751370487924753, 0.81748904480853957, 0.009041796563702343, 0.013044818267529575, 1.9081239119419589, -0.43586703480209349, 0.0072986689201258725, 0.051895177889219581, -1.497301857778778, 0.054483205972522354, 0.25263487069713403, -0.49046533845823176, -0.013469886391134205, 0.58939551856889305, 0.15688967946429502, -1.5608906746645754, 0.42900694378700294, 0.72091220449107352, -0.0037552087257729716, 0.0042103172357896941, 0.002246661869528991, 0.0030837188414153853, -0.0019273101788362026, 0.0020040765768239875, 0.00439055508886894, -0.0021932177586752757, 0.0030476945159916341, -0.00011796939696345678, 0.0010717354736889421, 0.0017182825152310807, 0.00036777512843429866, 0.0029256116083018228, 0.0024212040056629603, -0.0048455679325871701, 0.0021241612223131924, 0.0036783382308442922, -0.0044908928878106529, -0.0049395297735319492, 0.002816070278828014, 0.0029774680035449504, 0.0034906008954011985, 0.0016652419084779799, -0.0028480076894495522, 0.0032559715123725375, -0.0034280137429125611, -0.0036797944467971697, 0.002494229897633077
0.00032174452208359912, 0.086622348884334135, 4.7720181425154641e-05, 1.5262273487862854, -0.00061469546041662687, -0.0036919047262505998, 0.82107587366831858, 0.010553373353326021, 0.011633162885839529, 1.908305947510369, -0.44118828370023183, 0.0044463423360859011, 0.81965219458251803, 0.0060676540571751574, 0.0066785768960401781, 1.9147581572709866, -0.43659402470633907, 0.0040468606077903322, 0.056407397821160964, -1.4977453605670157, 0.052110374548840349, 0.24980279139550651, -0.49681482579832026, -0.016563531225660309, 0.58922200135808611, 0.15559072857275388, -1.5651228373113173, 0.43572784301957379, 0.72188150389252825, 0.0010678871504573055, 0.0024400240255958508, -0.001848336901417539, -0.0031297528982016788, 0.0012604575517856653, 0.0032727619553234747, 0.0025625906365615214, -0.0030275139053787402, -0.0048157396540402944, 0.001200383244509491, -0.0021625642183800554, 0.0026079922417000679, 0.0015485715250261002, 0.0044322288576621313, -0.00023144353477135178, 0.0037832126022321081, -0.00042858613891918595, 0.00050521888492735187, -0.0029967443585917687, 0.00048137825842966067, -0.0036572056494000717, -0.0037247742024491695, 0.0029108307726605507, -0.0030176936666389156, 0.0005037062546888911, 0.0046726143616912406, -0.0033275071510484597, -0.00214103144090921, 0.0049956627021178679
-0.00057984613274166333, 0.088105554583776238, 0.0044564505199631713, 1.5264562185162551, 0.0028804863914001196, 0.0014532643693849819, 0.8156048838540445, 0.0026301534819888643, 0.010364424782396926, 1.9077495452898849, -0.43938556070856227, -0.00038631635636843936, 0.81859844611860444, 0.0058241201277987424, 0.0062714759082673427, 1.9144760309057893, -0.43496807977970114, 0.0021498938287324021, 0.056890113152958645, -1.4962822883152647, 0.054694330069128681, 0.24840922111364455, -0.49429250160878641, -0.022778284198200102, 0.59221045601546685, 0.15521704660719299, -1.5591600696149543, 0.43187159328599922, 0.72072803143669639, 0.00038004326635378456, -0.00028542882416779727, 0.0031406821643866619, -0.0011368826866793068, -0.001344264708857549, 0.0040797136424806551, 0.0027019844395739642, -0.00095420816771947699, -0.0039869005289800558, -0.0021817572323707744, 0.0023435310648120588, -0.0043612815785944569, -0.0047990652068082649, -0.0022752421573766081, 0.003607392696032114, -0.0023940930883956692, -0.0030784119592488102, 0.0035025819871209634, -0.00071200601486398878, -0.0038999359728170901, 0.0006624776121521873, -0.0029748576746821309, -0.004535093895655754, -0.0018343788130548554, -0.0043432206372595959, -0.0047895486114967597, -0.0017644404243584489, -0.0026374687020316923, -0.0049961439407338127
-0.00069926801393880092, 0.089376871005166114, -0.0028885748459346371, 1.5268906600637535, -0.0024046969403558795, 0.003339741756829208, 0.81563926740450055, 0.0027282771849957959, 0.013394815878644262, 1.9074329755067836, -0.43529750000874384, 0.006316190214208527, 0.81683926726431011, 0.0036224054828879297, 0.013349933576667545, 1.9093469694999692, -0.43908159032265959, 0.0027537328699024704, 0.056234911125915693, -1.4945509969284809, 0.054347877414571685, 0.24576349633091565, -0.49142839666243943, -0.014327555383241885, 0.59354779664032187, 0.1578765755502092, -1.5624200238875507, 0.43144679981444717, 0.72393175893503225, -0.0023849307655210896, -0.0041441857515137773, -0.00021313666141619184, -0.00038706035694680788, -0.0045279091119309924, 0.0010121099671365477, 0.0011816322628597905, -0.0046483032530213533, -0.0036975756535411997, -0.00026054802695647198, -0.0025796735601172748, 0.0043904730626743186, 0.0049448628341770178, -0.0043058606022685865, -0.0021739523325706223, -0.0039810844905374676, -0.0028778978214101438, 0.0026968436616787066, -0.0049182416488723858, -0.0002932902798427426, 0.00067197414756133521, 0.0033794757109254997, 0.0038068545717293281, -0.00034343543266847701, -0.0017447554234166353, -0.0011540990777042914, -0.0049300968159625607, -0.003478988391912379, 0.0047208363632902485
0.0047131443134442704, 0.094860101496955757, -0.00333507223009177, 1.5348849963660094, -0.00221403151304574, 0.0021202557339518157, 0.82315912602055763, 0.0069470991897343307, 0.0075681211892426299, 1.9121793582347051, -0.44172825153366307, 0.0036327638683523672, 0.8226267464088115, 0.002567132939748854, 0.012382835581524806, 1.9143778037676216, -0.44190915676271031, 0.0013637092282117276, 0.057239343351779458, -1.4963785801769076, 0.04734453933529461, 0.24927933153841508, -0.49502536278128911, -0.021028699866548449, 0.58845134641665908, 0.1603361131601585, -1.5571627884457717, 0.43295131831293138, 0.71966401931965918, 0.0019817739349140316, 0.0048912115724381753, 0.0019895779830638571, 0.0036310969725967231, 0.0031716533217979676, -0.00029845511867014098, -0.0042968441351926559, -0.0028297152434952864, -0.0023673309000374022, 0.0044761869589884156, 0.0049094341924391235, 0.001945547337073035, -0.0015673863167491855, 0.0015071226759823773, 0.0015137214822799408, 0.0028459402306783262, 0.0035498979693040751, -0.0014812551980675158, -0.00096028651234931345, 0.002289687777507432, 0.0043697189637336249, 0.0018653941835092445, 0.004529381312078762, 0.0039388624728342895, -0.0048054716283515517, 0.00078321772478739601, 0.0033822808925638428, -0.0035479579431944878, -0.00010113815323834451
-0.0035626184583623958, 0.094039682342105524, 0.0012605971168552456, 1.5284013689241127, -0.0026281266481013744, -0.0028177028485842381, 0.81684746665598928, 0.0090456023488547262, 0.0044523190114807501, 1.9157456791829774, -0.44401937629456745, 0.0031697874278427884, 0.81664201307463191, 0.0050769780371193191, 0.012166840819467922, 1.9149855299447001, -0.43732206801773393, -0.00096782645385578257, 0.048089534241337925, -1.4902948672563887, 0.047591691996053696, 0.24779871470725373, -0.49628613105935998, -0.016702056847432541, 0.59231407721305807, 0.1565264959013011, -1.5647074905636951, 0.4286333949861541, 0.72358016650950319, 0.003821941244015665, 0.0043955890336284708, -0.0023392177745966748, 0.001686013485194756, 0.0019564383722321492, 0.0025944446860747721, -0.0046080544140184171, 0.0030695348823747979, 0.0030889380564673276, -0.0049297586327934463, -0.0009035314792610414, -0.0035116428052699954, 0.0033932088681400867, 0.0021383055324173759, 0.0030838581613806077, -0.0020948221845188885, -0.0033942467176519839, -0.0021245537202263976, -0.0033808835074169716, -0.00052047175635914177, -0.0018545858746158452, 0.0043544878787858008, 0.0035763871010568394, 0.0028470530517910745, 0.0021086970513070971, -0.0032767537718662865, 0.0047646180674655253, -0.001998350339891325, 0.00071379761922100646
-0.0010589736444779965, 0.087378554150202181, -0.0025644916133568739, 1.5270497641537373, 0.00034139662824696475, 7.468759297933527e-05, 0.82332061102439746, 0.0027522933032529443, 0.0078749746324503715, 1.9087577237302138, -0.43713715645574425, -0.001032249210929417, 0.81724788936434922, 0.0060406411778272488, 0.0056980648053299148, 1.9116629061064172, -0.43502007569303613, 0.0070214633867519069, 0.053120638523729315, -1.4938882944490592, 0.052157309622867791, 0.25046020468537594, -0.49568442497332937, -0.013733654115688335, 0.59420266832561786, 0.16068677700113587, -1.5573678813277982, 0.43110590580319785, 0.72305641791429653, 3.3259672918509869e-05, -0.00084304501830833635, -0.00060838699582073212, 0.00029472148548655066, -0.0037489812313430638, 0.003914035814820113, 0.0024550687929201032, -0.0030726734566258163, -0.0041804210922280769, -0.001043075190230309, 0.0013382317132085821, -0.0043230223274867618, 0.0037451102799717926, -0.0014155204084279351, -0.0030662028954873645, 0.0031135116972677767, -0.0046164660695839303, 9.1440437825215243e-05, 0.0026605909241156954, -0.00075281159146703067, 0.0015512468565961838, -0.0013928639614300131, -0.0041426324394336122, -0.0013656340431794254, -0.00047342935337997376, -0.0038535467971458851, -0.00034296233632700492, -0.0036261912700904673, 0.0038957178547628741
0.0021980708820993813, 0.08762391577192595, -0.0038671056469945708, 1.5304366152832565, -0.0023871432107402291, 0.0014139672253600218, 0.82327996005374049, 0.0039657994557375058, 0.013023529431861282, 1.9083850118980576, -0.43879093506195943, 0.0062374091849166178, 0.81665647513712958, 0.0045787049583815506, 0.0075038963858733475, 1.9118833663441737, -0.4373037768738734, 0.0060032509095830355, 0.054625295138306787, -1.4987559708911873, 0.046679121412808999, 0.24841042207575975, -0.48792226239094744, -0.01836142372685455, 0.59033841597197645, 0.1566714095288767, -1.5660746431813615, 0.42844007064195877, 0.7220760037591939, -0.004978426053355251, 0.00033439513159266333, -0.0024821112278695977, 0.0036501135031079069, -0.0033436070503990454, -0.0035479090149391347, 0.0022675529520250533, -0.00021140602091075482, -0.0028936918089102347, 0.0041925991643470004, 0.001508096075612155, -0.0047116709475720922, 0.0015632641149248769, 0.0017572695484167952, 0.0042933675910787642, 0.0025901001187531945, 8.2277588877867e-05, 0.0046897024006533625, -0.0049869896654141524, 0.0018750792983257799, 0.0036399777863509461, 0.0024112464942802978, -0.0032647684256543576, -0.00031903754274570807, -0.002025685589230304, 0.0014775511523800423, -0.0012265087236060057, -0.0046174739769414457, 0.0025964067898218328
-0.0045369133837891151, 0.087127653178710365, -0.0028805894263508459, 1.5268751658097273, -0.003779638666695985, 0.0015060169447545626, 0.81948149417910787, 0.011202932813674611, 0.010813417981108849, 1.9149488349141219, -0.43982781014595695, 0.0052296911490193575, 0.82304525421005559, 0.0052993515153648193, 0.0072301572827159887, 1.9141613501652952, -0.43528166985029904, 0.0061299968608472793, 0.056300187072710881, -1.4970259767512417, 0.049823507132041832, 0.2512305677755084, -0.49477891016240544, -0.015190780224788824, 0.59416246342872059, 0.16294695272210913, -1.5615780329513067, 0.42916416267280205, 0.72068118867446962, -0.0026186815874306079, -0.00039314512753888409, -0.0031646600195251694, -0.0047439494387217151, 0.0022798905252800917, -0.0024107567768348426, -0.0011518316396779238, -0.0001265717524871722, -0.0005963688069041571, -0.0037247207657198043, 0.0016704539090097396, 0.0015182653514411362, 0.0027243933576962124, 0.0036909820459649521, -0.0041219346341996796, 0.0042667679519561427, 0.00058447400499057802, -0.004888346853790213, 0.0022051854412985759, 0.0026182146920875407, -0.0032198022704509601, 0.003825369248725701, -0.0028918760386185505, 0.002451225170969927, 0.0031416333992339536, -0.0017977925380378403, -0.0013710354161638148, 0.0028641908216345399, 0.0039670177596398638
-0.0045353687688942917, 0.091420862895127186, -0.0036164259047558487, 1.5326019199336116, 0.00099651719010420553, -0.0016738658691090478, 0.8159540619508221, 0.0051311687572981844, 0.012868375056140382, 1.9072130618389724, -0.43561203306761898, 0.005650563862052772, 0.82040587650281549, 0.0020443046245214218, 0.011317539429401113, 1.9077949103010912, -0.44346660637720903, 7.1417669635624563e-05, 0.055249100905309559, -1.4990249203330221, 0.048457275209267472, 0.25065811175690217, -0.49023493899901904, -0.018727931440600511, 0.59695025946594227, 0.15704762159556318, -1.5603780796889291, 0.43151512639897827, 0.71947880512903628, 0.0034086132916340923, -0.0030233998545696294, 0.002450096684698414, -0.0023056216223605454, -0.0033695661890809771, -0.0032684239136571416, -0.0027024274918162894, -0.004667276612986276, -0.003644595124822726, -0.0018235666231758941, 0.0041046648580817429, 0.0045981912496685607, 0.00471346167450139, 0.0031675723648861313, -0.00056090765154298994, 0.0027676150542836862, -0.001539277327599611, -0.0036526329700734762, 0.0045896081732425828, -0.0049813047948392324, -0.0037186001075494891, -0.0044848577099542413, -0.0038512827014928544, -0.0021311033753965824, 0.004174440114932663, -0.0020646616031258845, -0.00049135837365531319, 0.0049570235993824973, -0.0011101310019017829
0.0019935302170912984, 0.0961866593771636, -0.0030666851522264805, 1.5345559364651145, 0.0014960068394810891, -0.004523779213654178, 0.82091066864303053, 0.0073978322196777491, 0.0047256844311088092, 1.9078162447761478, -0.4392319182223608, 0.0039948597539387464, 0.82142315649368325, 0.0017375150538587129, 0.011671804138205779, 1.9102960020450694, -0.43474405700866475, -0.00046796402632550381, 0.056472967338387005, -1.4995259822571554, 0.052399332614754511, 0.2440285264554142, -0.49756211799950784, -0.016149220024929259, 0.59433864064814568, 0.1591200282977584, -1.5643614416934106, 0.43139816936813985, 0.72090923333597734, 0.0043392509261526791, 0.00096611685198355959, 0.0039003498360943743, -4.6521569150520872e-05, -0.0029302924654718864, -0.0018150913022431268, 0.00078401954817532236, -0.0012111592095645687, -0.0024199110334964438, -0.0038685971625793967, -0.00021756578825263273, -0.0048154779597799824, 0.0048812204059450375, -0.0035569641134315911, 0.0049608760053808489, -0.0010519530984648192, -0.00018164842910638537, 0.0010926587851339585, 0.00012255724421564741, -0.0022716072612249008, -0.0018945711485901639, 0.0036541799846734465, -0.0019751422362075067, -0.0032061331468332841, -0.0041824620246460236, -0.0016254977470212782, -0.00023980801737702191, 0.0039630819619872028, 0.0010793664213330752
7.0840110227387947e-05, 0.088211517153796506, -0.00046751878985892142, 1.5326809988704158, 0.0024773989851148825, -0.00013534742112798238, 0.82547109489080273, 0.0020208829091208349, 0.0077793142632976041, 1.9136574718557713, -0.44256542020646639, -0.001732665197814673, 0.81639850055127927, 0.0083075014992896219, 0.007130515067115966, 1.9117998365873545, -0.43996493606204506, 0.0026483523236147648, 0.050181175045222459, -1.4981328510624534, 0.05083448416558331, 0.24310682469237294, -0.4918144362996244, -0.022529698971145668, 0.59276040577413835, 0.15478430250329897, -1.5582254620010068, 0.43130500946876221, 0.7265641888973533, -0.003430116174490949, -0.0023811439698679651, 0.0028803495962273782, -0.00019589707177067751, 0.0037515260366827409, -0.0031820663768989685, -0.004053077610068118, 0.0015123006681613035, -0.0049660055443295935, 0.0049162681684553613, 0.00053530895113246268, 0.0024292670086673625, 0.0011110184435642731, 0.003461216977829292, 0.0038737740248077765, -0.0035177413954697212, -0.004773022258238566, -0.0038550584887090365, -0.0017283140460397717, -0.0011167457780677827, 0.0036836221663374925, -0.0013690311187375104, -0.0033920909925732271, -0.0027682497762477887, 0.0001181133083156035, 0.0037576898636899796, 0.0029056134538471166, 0.00073600542056121918, 0.0014515157237385036
0.0013935450543051189, 0.088065885725998577, 0.0035210038967907866, 1.5263283201060878, 0.0038865297318428855, -0.0013641384998751126, 0.82376185561977966, 0.0062542633703708541, 0.012343790182895924, 1.9098010652468209, -0.43514100205538786, 0.005711695827238141, 0.81889082842016325, 0.0021130277093476682, 0.0056580287190284122, 1.9126951648899362, -0.43753435642954153, 0.0058846853838243098, 0.054628645594954832, -1.4946557847237771, 0.053373744735374304, 0.24503344716033848, -0.48941763500141611, -0.020580835007887249, 0.59631831112202571, 0.15581876058287075, -1.5624930264756012, 0.43117286580708175, 0.72346695709362119, 0.0042627435711024139, 0.00087771397717978719, 0.0025368967521618348, -0.00098536335429361566, -0.0014176555282891289, -0.0046641049983193999, -0.0022401875970862774, 0.0044662605785925113, -0.00031786847166616426, -0.0033041843235199018, -0.0035795414947481442, 0.0044917311467064609, 0.0028434199541774079, -0.0023440249167087702, -0.0032107302802953752, -0.00023915262579572195, -0.0016129854008662802, 0.00074325709794813028, 0.0030476637935101377, -0.0037471409569265614, 0.0040969830993035179, 0.00034749637080244439, -0.0046042980067340401, -0.0023772470799568023, -0.0047413322376795306, 0.0036260542175762583, -0.00096482337777859407, -0.0031086554805793264, 0.00057575505815633202
0.0027620582223561304, 0.091456094535610655, -0.002912797752095928, 1.5308969730950941, 0.0017415193399851793, 0.00099715799378262589, 0.8237368520898567, 0.0042041910302007511, 0.010594814972739536, 1.9159503277044676, -0.43767850502473526, 0.0045172482277331871, 0.82235168029655736, 0.0095286207141566607, 0.0069081702808764193, 1.913255802938163, -0.43533832806584238, 0.0070316358102353073, 0.050353862306930196, -1.4947584657354436, 0.051993031304908635, 0.24929387500008812, -0.49357084038558297, -0.015759315556802288, 0.59663486090283957, 0.15821875092085605, -1.565799634427989, 0.43431852654493103, 0.71956168482196547, -0.0046903950276786155, 0.0020254876700113904, -0.0016460579877391156, -0.0038206885679277647, -0.0042342370340525317, -0.0030564728182434922, -0.0018738230843843872, 0.0030875784370455054, -0.0019086864539417147, -0.00099577014281656759, 0.001989915758502124, -0.0016933022435873715, -0.0031707212460137003, 0.0027527113788832448, 0.0042756512304087694, 0.0048999199028662245, 0.0039385865584128038, 0.0036206666736621892, 0.00040013026390847695, 0.0034330409672202042, -0.0035078789647042009, 0.0035985576132189978, -0.0016192098897100981, -0.002853361240453497, 0.0042843727713736098, -0.0040699198021294817, -0.0046047731880074251, -0.0015867806792065719, -0.0044716007115011428
-0.0038323126521256521, 0.095122953400821164, 0.0047772278662835373, 1.526936950051776, -0.0032312255167377714, -0.00075693014460263483, 0.82429996452787624, 0.0065280007364652134, 0.013630747391951647, 1.9097482729842314, -0.43674140433215897, 0.0070003801362023346, 0.82435684487996386, 0.0046141202382355626, 0.0078659085625299319, 1.9166064280877186, -0.43821795349408443, -0.00054155740070841243, 0.054239667514627748, -1.4933427495785414, 0.052582051026317245, 0.2446846875911102, -0.48920733055358617, -0.018797678136178754, 0.58948540520885295, 0.1560291119676237, -1.5582432482316857, 0.43721277540027786, 0.72329467145029125, -0.0039359298609685754, 0.0036316503969367623, -0.0021777276562122282, 0.002484171497213682, -0.00070282604206917034, 0.0033398435217553831, 0.0040330169328877804, 0.0024467330173021567, -0.00042239926474295624, 0.0015295604454224664, -0.0031564891701802477, 0.0038349433632801017, -0.00057763732309145527, -0.00050395675327842039, 0.0028952371987302347, 0.00037086144130355284, -0.0023665757623234306, -0.004401069931697886, 0.0044606764676522808, 0.0037359133242175222, 0.0016343315805433245, 0.0013926878561059857, 0.0042054713234839945, -0.0015973194400827504, 0.0024817237527411887, 0.0048336294403852871, 0.0032174132602506072, 0.0017732467620120282, 0.002204259049781724
0.0024306027949650552, 0.089313762061566424, -0.0027728450574387256, 1.5326401781196588, 0.0026889513031756098, 0.0015520654130981894, 0.81581436597459323, 0.0022267068090535925, 0.010877634722225641, 1.9133014594251447, -0.43911788603057694, 0.0069927669609210832, 0.8216678926817621, 0.0055396376794892383, 0.0074988925309660073, 1.9131594193490129, -0.4436612313835725, 0.00065289796250815515, 0.053931427530979487, -1.4987972126839988, 0.052674426923818907, 0.24835646123469701, -0.49328062957610769, -0.013497844459943519, 0.58769371954440697, 0.16138192491717687, -1.5585664545321001, 0.42932234563824861, 0.72036192109977992, 0.0028139798559526823, -0.00025884292060103595, -0.0026642370354721546, -0.0030888111613092215, -0.0019508190299180827, -0.00032759344414499004, -0.00041090827527083366, 0.0016706089876188613, -0.0028431007468998439, -0.0015154352480551627, 0.0042012675575816448, 0.0038965869399198291, 0.0024508311755455691, 0.0030828026293840067, 0.0013913931418672639, 0.0036396383645930881, 0.0015735780435493273, -0.001753073927947232, 0.0047943615745058244, 0.00092135954764415058, 0.0030751771416837317, -0.0014462377882044999, -0.0029173151816565125, 0.0046399567047081631, -0.003078988843965852, 0.0026289853262029652, -0.0043970081224417633, 0.0028834938717013101, 0.0022619346454457708
-0.0038086989402112284, 0.093367608448662334, 0.0015998658744091586, 1.5331031254855829, 0.0021093587671454231, 0.0012961158606787319, 0.81802437546336837, 0.0064757772874695025, 0.012156931249914377, 1.9097953715960894, -0.43532317267388349, 0.0040670263333904381, 0.82447656434411332, 0.0087898547315510573, 0.012506817340718363, 1.9086385615860599, -0.43838399619338514, 0.0065356185506111487, 0.057863268624718113, -1.4899603655430085, 0.051139574933010377, 0.25145943404424181, -0.49444038909036053, -0.013380996327089844, 0.58857050621611151, 0.15940873664298041, -1.56155843194477, 0.43782035632888611, 0.72797544741049014, -0.0022996463182437844, 0.0011623068868378897, -0.0014970698980414287, 0.0012753597391246419, 0.0035293248340280753, 0.0037073525474317819, -0.00040805497133382298, -1.7921283988493047e-05, -0.00072102935662948266, 0.0041294335075404446, 0.004600342728861625, -0.0047691779986930583, -0.0024688567168804697, 0.0038701381251905866, -0.00063148130945412696, -0.00061627375526236445, -0.0037701559123598837, 0.00087917134434602109, -0.0030307436056822967, -0.0041079101679564901, 0.0046201037041901536, -0.003770498630382293, 0.0031390639052476322, 0.0028023189241842264, 0.0044781625611795646, -0.00010072204837802221, 0.0028520666948833743, -0.0038519122765720247, 0.00078973422041675369
0.00010381351343859407, 0.092369045486810228, 0.0015078516974353084, 1.5303213229735773, 0.0035617875320452892, -0.0043287739437025833, 0.81899467106078117, 0.0039917464136599527, 0.010923768672480846, 1.9145772902747982, -0.43666858919432838, 0.0073283785184992626, 0.82373628251948317, 0.0087432513661414319, 0.0049892747508784594, 1.9102078162527882, -0.44068745396069259, 0.0051536239414029014, 0.052546063832063936, -1.4930910647255977, 0.051184491131617861, 0.24737702965514205, -0.49295621459676425, -0.022750539715151626, 0.5965238687032598, 0.15719800583764706, -1.5597067170547632, 0.42862631197496015, 0.72648539186852379, 0.0025507926763792804, 0.0045230779172589245, -0.00043133922639055668, -0.0025028646103656483, -0.00013660018697071383, 0.0031894487704731489, -0.0046592759825467133, 0.003109707324917583, -0.0048242482717858227, -0.0016474413363363081, -0.0045822592104662729, 0.0020529755270295262, -0.0044019131583051922, 0.0048061237518125287, 0.0024072454513926001, -0.0040383168964653127, 0.00045828776035875419, 0.00051186084823428082, 0.0014988948678669204, 0.0045177051705691277, -0.00391654533548004, -0.0031060231914764726, 0.004859010118882858, 0.0020866391380470741, -0.0030679014420773153, 0.0024573143986133363, 0.0033632470496772664, 0.0044262814734479265, 0.0016020434818593181
0.00082414037313041297, 0.090118486945245449, 0.0031814949209247037, 1.5278747759779261, -0.0028990678352858079, 0.0010820344119299987, 0.8189036082708363, 0.0092007422337705997, 0.0083460454402790596, 1.9107706123389441, -0.44263991286547621, -0.0015839513575025771, 0.81567995372496838, 0.0042911846553546039, 0.010307691401185943, 1.915520609835859, -0.44244498016109574, 0.007422698447031837, 0.048163087583456915, -1.4984551190116466, 0.045845493621383106, 0.24406666253991738, -0.49593848527254558, -0.01559370963985621, 0.59140737005814925, 0.16240177274780243, -1.5589896731669857, 0.43199719906989925, 0.72279109722402501, 0.00090098441917110458, 0.0010218929167687529, -0.0032966139268432258, -0.00029346091117513507, -0.0030920074852710854, 0.0009049470608507252, -0.00055219949269936369, -0.00076779501128638929, 0.00056624981246685031, 0.00039366165106627469, -0.0010365220643285631, 0.0038114523361167324, -0.0047686971534276323, 0.00054410899370850325, 0.0010742225346386577, 0.00034634496643804434, 0.0040015777108816713, 0.0011992170662539292, -0.0016367347849284976, 0.0012553100534974781, 0.0019180032746597539, 0.00096537567573706275, -0.0025838221878848968, -0.0025484264943213221, -0.0011780044730666205, -0.0047702781558578858, 0.00029576634740083405, -0.0012055759754520069, 0.0028026356170487866
0.0042460037662859608, 0.088070082595988433, 0.0024814259505403355, 1.5291131566433991, -0.0031331122985346618, 0.00016283899667599456, 0.81611112680548281, 0.0057513934920692591, 0.0094008039129073497, 1.9096752170158284, -0.43849684431050334, 0.0015849257235058087, 0.81755356920641209, 0.0081885990894481273, 0.0065547272412036358, 1.9147586900513693, -0.4381493476862332, -0.00077081554040492675, 0.055994588512215691, -1.4957309504392018, 0.052480138008801525, 0.24405120781366563, -0.48926158355977639, -0.017405159375224084, 0.58728838693321261, 0.15623815033511482, -1.5641756332656735, 0.43577704653788252, 0.72828802886618926, -0.0015010907805228656, 0.0048980912642772973, -0.001216908804779513, -0.0017609237103683294, 2.4871087971859059e-05, 0.0028751161135913044, 0.0035174294890897078, 0.0046883387539780564, 0.0043762043250422803, -0.002729104405991859, -0.0044480566944462988, 0.0013321582218673448, -0.0009160735914073145, -0.00075998204585566408, -0.0023832927930393065, 0.003804739524671326, -0.00038742082031343814, -0.0048901643903728866, 0.0031599199823938847, 0.0012192873319125507, -0.0048577563912506321, -0.0030230614483117337, -0.00077479651413317387, -0.004346621144737624, -0.0014193730013512163, -0.0023527578435665287, -0.0014843494522324432, 0.0019630277549018719, 0.0040106848843764068
-0.0013242155103624677, 0.088237650507578244, -0.0010769127872264205, 1.528596056746246, 0.0022504749351707097, -0.0015997348369363174, 0.82508583751039832, 0.0065882492406057983, 0.0076994129856779239, 1.9121843633668878, -0.44333560639393332, -0.001836710337350997, 0.82113086110127465, 0.011398458528511532, 0.011893282588563888, 1.9133619212607058, -0.43509168408283516, -0.0016026218706652788, 0.056698619567930764, -1.490606950994728, 0.053332467960472876, 0.24498042820001109, -0.48777302404296435, -0.0204249683557442, 0.59645166077513323, 0.16111837078041008, -1.5657849243411748, 0.43010784647179812, 0.72251647791958673, -0.0026942752790664391, 0.0014376037307611989, -0.0023528171129584608, -0.0011175563712920379, -0.00028988556168320009, 0.0018888354585305557, -0.0025298808227433058, -0.0022099972431142614, 0.00052442703852484396, -0.0032069089875622061, 0.0013945923254147429, -0.0027865540492987397, 0.0004265911598527487, -0.00208353823592765, -0.0043252123590790939, -0.001148552093809855, -0.0048705031473380775, 0.0014362078395105558, 0.0015859678643602671, 0.0029040524175151751, -0.0018379111609319464, -0.0011592265129512437, 0.0025726740539662885, 0.00022808686636164102, -0.0038441016361632331, -7.0391151928881311e-05, -0.0046511152762822019, 0.0014421997869018821, 0.00013154201196256734
0.00098481717142794196, 0.09577108757253347, 0.003042572053920895, 1.5267024031077463, 0.00084323248587832734, -0.00220486952077548, 0.81557637699964525, 0.0021134725608662553, 0.0063364372232868598, 1.913174241645806, -0.43912382751061474, 0.0049022173737985862, 0.81967263748917174, 0.007549307425162779, 0.012995681559569455, 1.90977693780387, -0.44283799889981729, 0.0015477492524355882, 0.053908912165597553, -1.4994109341755995, 0.048766551212500786, 0.24316197663012554, -0.48972758353731954, -0.021359843061555937, 0.5965778342772482, 0.15656470919919027, -1.5626609580883479, 0.43556640965929866, 0.72764738074252289, -0.004672264191166369, -0.0029985631348025668, -0.0010572644124898778, 0.0036836109609269556, 0.0045994358003070323, 0.0006316697603562264, -0.0018240722159465171, 0.0026855119343947732, -0.0044787029476305949, 0.0018845229844819964, 0.0042424529710075555, 0.0048551914093853546, 0.0044078115791449353, 0.0028476789622467963, 0.0030853241635710677, -0.0037453933872731828, 0.0027022765172723551, 0.0032457048577032481, 0.0048643936203018488, 0.00038542454826084004, -0.0015354215232752811, -0.00023331929900078686, -0.00091752110115335232, -0.0026135858326631458, 0.0046785027873988408, -0.001970956141461493, 0.0049095693256811833, 0.0041654479616406786, 0.0021792312524903422
-0.00038140992507651982, 0.093253485343316261, -0.0018019929328034613, 1.5283166266354791, -0.0010026126331230999, -0.002191030764151758, 0.81607303722021485, 0.0024824882546228199, 0.0079824765733651683, 1.9127144533767975, -0.44077358668071565, 0.0054215599354057158, 0.82518746579313584, 0.0064255252615363027, 0.013756151802311156, 1.9120638988832954, -0.43859657263321489, 0.0025744914314569361, 0.0531561664410658, -1.4995356028739439, 0.051002379774606414, 0.24892765421671462, -0.49573710301251239, -0.021881009026174705, 0.59560357973124689, 0.16183232573826256, -1.5569230289580214, 0.4318246522961649, 0.72130034806700438, 1.3107642288079542e-05, -0.0047174591345698121, 0.0040449578020614286, -0.001950148940412102, 0.0034379503792546983, 0.0042636220825870231, 0.0025628420677851985, 0.0023700349006109235, -0.004344513446642456, 0.0036151249774951126, -0.00095769763834018494, -0.00060191915873217608, 0.0045033947199055726, -0.0031093531262689359, 0.0040640609502204323, 0.003404434754608234, -0.0011602707901763641, -0.0024209239656025807, -0.0028087431936156082, -0.0036930486719345757, 0.0036906756647206067, 0.0045283422234622247, 0.0034197926214336637, -0.0012272150499819711, -0.0043990545244683536, 0.0015974326178126589, 0.00021334152636610839, 0.0018627174452610319, -0.0014127708912736892
-0.0019923087377361703, 0.091255001053553858, 0.0033983030949399336, 1.5255423701001534, 0.0049448073456772488, -0.00037485197109944461, 0.82064857372707434, 0.0047836635167313249, 0.0047509717474198973, 1.914522215118909, -0.44367894401187968, 0.0031047104070087393, 0.8203581723302602, 0.0037732744934298869, 0.010667648133507216, 1.9120400794443342, -0.44328209419575537, 0.0014775349033937664, 0.053210678406787615, -1.498984853748565, 0.049105958992426549, 0.2504016879744792, -0.49201727993272432, -0.013452300171190444, 0.59556686530134439, 0.15679149875257381, -1.5596828302539982, 0.42797267812136347, 0.72055158599842695, 0.0012419865779780426, -0.00010571108502625565, -0.0033579547922583442, -0.00306937713164394, -0.0021778898853106565, -0.0042614284167269648, -0.0038859378255694989, 0.0011976808474094738, -0.0039439143735494689, 0.0017792020105997742, 0.0027705393724345466, -0.0049212613591282416, -0.00020266772498313181, 0.0017132617904629102, -0.0042604820807081636, 0.0031933780343185942, 0.0020070449344592846, 0.00065372933765361647, -0.0045867634946085882, -0.0048348830623531061, 0.0036062393029109791, -0.0018071846383822367, -0.0020211184281347197, -0.00016541578356132208, 0.0045260877453631764, -0.004799200855134053, 0.0018517741831520643, 0.001580020752133364, -0.001625670273926484
0.0027449610322442175, 0.090132090289663375, 0.002865288935985511, 1.5255813802195866, 0.0028372289590331704, -0.0012834888445267022, 0.81920193984060763, 0.0072443106816272975, 0.012078649475248539, 1.9121849892989373, -0.4391264997661069, 0.005220310000111251, 0.81839567902704236, 0.00455309750938816, 0.012211604176810949, 1.9136054494327626, -0.44188483904529974, 0.002369678581806642, 0.055001558747583203, -1.4995606823564687, 0.051493304554542964, 0.24562451549816183, -0.4880111325463386, -0.017250133711834759, 0.58800121728598687, 0.15627935154697498, -1.5584226658183242, 0.4359914029211866, 0.71940744288348246, -0.0024265670034547583, 0.0010912171148542557, 0.0039260862994229236, -0.00062895903449153301, -0.0014389392252695645, 0.0036405507967971493, 0.0030878538942250124, -0.0037968674047561602, -0.0023082180411781918, 0.00098823033438444254, -0.0012462465834984114, -0.0036092512466112236, -0.0045178519176022006, -0.0041243340944046806, -0.0019449689133481107, 0.00092517058127173941, 0.0014950643751193071, -0.00036545309803478511, -0.0044880187850425161, 0.00097659541791297964, 0.0034968162097427291, -0.0027992167309057558, -0.0037726728330901428, 0.00069671133259918954, -0.0020618885235095786, -0.0040796250040807192, 0.0043964628157741265, -0.0035372892537246015, 0.00041283420502060807
-0.0031335076462440424, 0.089946598314663465, 0.0028542853387912076, 1.5347527470808202, -0.0021684455657649915, 0.0045606632952716322, 0.8209527027547765, 0.0018204425725348323, 0.0092353126463685081, 1.9153621497246467, -0.43672531473103399, 0.0045815363440967309, 0.81950752607264854, 0.0033457453290341201, 0.005059391832257858, 1.9074710000880288, -0.44293532232217658, 0.00095013901004256185, 0.057714968396577582, -1.4904143912267218, 0.050213227740524086, 0.24451382737291227, -0.48868171586869535, -0.023217873483265133, 0.58922665620881509, 0.1635307431303907, -1.559683265281147, 0.43178539017446377, 0.72723118899905481, 0.00029337613811091651, -0.0007342842301730013, -0.0005297190208119985, -0.00060119262831987135, 0.0036925644520145367, -0.0038764475663789445, -0.0042461237696402457, -0.0013284274088433503, 0.0049224353398413896, -0.0031429562534249621, 0.00028456363323138469, 0.0014716018273349648, 2.5750567487202794e-05, -0.001174452177792479, 0.00064902017759984124, -0.00051182085976199561, -0.0013781728487967403, 0.0031784438213905445, -0.0024302931140871599, 0.0023633146227412024, 0.00076910538797509299, 0.0027875398554348587, -0.0031407794673817156, 0.0010006588304461821, -0.0025384042987770441, -0.0020228413447138981, -0.00043694497680345831, -0.0025248768947836865, -0.00093748819293452707
-0.0021494958952289422, 0.094860380904623259, -0.0043183357767338851, 1.5322881789145091, 0.0019762304112687923, -0.00051870485433346165, 0.81904770600564103, 0.0075552085659790907, 0.0066410539108159097, 1.9083544011289111, -0.44129592606148377, -0.0005701808826397755, 0.82245459019651335, 0.0067485679792753297, 0.0098327689711247661, 1.9075835684893301, -0.44331213688443311, 0.00015402372442216601, 0.05443148287451656, -1.4959638073071575, 0.047422676461069915, 0.24959253179718599, -0.4932824202754108, -0.015080876271426766, 0.59053481155913867, 0.16111749355678148, -1.5607390985804812, 0.43493135826214829, 0.72771149859945172, 0.0013322043357438928, -0.0018635836941065654, 0.00015121981972222344, -0.0044868015192993521, -0.0011731041080795825, 0.004205943900046037, 0.0038358769100710248, -0.0045434773330290529, 0.0018797669703487637, -0.0016287801907913214, -0.0044935671110675549, -0.0047782531697460476, -0.00048645892679484524, 0.0021530155109657769, 0.00089139449911979519, 0.004170547711916322, 0.0045924086937486107, 0.0049107871964825132, -0.0012241418641432099, -0.0035301820282642163, -0.00034907597820926263, 0.0035425931317031494, -0.0012355936627874396, -0.00051581346254432267, -0.001981605778300366, 0.0039225683634396156, 0.00024003001954599115, 0.0020781825164814093, -0.0043852711086983477
0.0022967102519449627, 0.090349222305163249, 0.0027713634907931793, 1.5280161780131813, -0.0024737225146239852, 0.00098987200604513242, 0.81934462413004316, 0.0046708178475667571, 0.0098350500152146088, 1.9074192304113096, -0.44398441916948855, 0.0070093294679051781, 0.82171576049908646, 0.0097218556280949352, 0.0071260148832397105, 1.9143616314464025, -0.44207948941002351, -0.0018317926922433005, 0.053195125899024441, -1.4923395579547529, 0.04636973984548972, 0.25199440543027163, -0.49671207909842535, -0.019422058225182413, 0.59691853111307636, 0.1617654185052802, -1.5654293568511466, 0.43561749502081604, 0.72154949584803907, -0.0030133282499641215, -0.0035598070549364537, 0.0030717800438629555, -0.0048335123099768973, 0.0041851039005407842, 0.0042492062168316561, 0.0033691798445479012, 0.00042133193421405903, -7.9515510442551562e-05, -0.00033225463109184429, -0.0027970765350661098, -0.0013302636233935351, 0.0034014570164229247, 0.0030153138090933786, 0.0048459612744113931, 0.0043389208407580296, -0.0030465585270355124, -0.0019528959807587165, -0.00073179339525761798, -0.00014585372843913848, -0.0015817449089936841, -0.0046904185485951476, -0.0041561040001890249, 0.0039828016000604408, 0.0042716376146549146, 0.0010381773962912511, 0.0016835073923205735, -0.0031915687562012133, -0.0049875436642367044
-5.686165890247518e-05, 0.09554233319606506, -0.0012769028625546097, 1.5281782163180218, -0.001156443424813356, 0.0012505423030388808, 0.81985301149492829, 0.011242265260175724, 0.0080613587556242726, 1.9142643122152025, -0.44351721322103693, -0.0013504618224152451, 0.81921410935659844, 0.0070117947732017821, 0.0061229761818267833, 1.915568700565893, -0.43929814487436164, 0.0079225947185914119, 0.054391445557196778, -1.4995455324501143, 0.055383142335387159, 0.24604427997108064, -0.48784763700065575, -0.014026239032249706, 0.59707012130567316, 0.16159056641663574, -1.5636944884907027, 0.43031344455371673, 0.72475463020206488, 0.0014605998132857893, -0.0024178851609014209, 0.0012534059909517269, -0.0014641943437905423, -0.0013137376579497894, 0.0014045751663524708, -0.0035085037478807535, 0.0043625217502240897, -0.00207441147817773, 0.0040364840384456121, 0.0032502696542250622, 0.0020280173103771181, -0.0014593683791269195, -0.00058630294410178755, -0.003110538729459664, -0.0014666609351329431, 0.0031052644457126794, -0.0031774951872010904, -0.0018012356652494644, 0.001028001383224608, -4.9468714538185993e-05, -0.00043808268682803825, -0.000925236281892978, -0.0049888853932596134, 0.0043050644926592328, -0.0020721389853125939, -0.0015653901879650765, 0.0049909587603016213, -0.0008109344475486658
-0.0020710102752573511, 0.087793652777023543, 0.0015276042661500344, 1.5262396604002955, -0.0026919524467439639, 0.0043792096374325037, 0.81737880088405213, 0.006966064911206239, 0.0075580387740333769, 1.9105610489383249, -0.44341529398391594, 0.0042380332606683528, 0.81885702960705942, 0.011438632967741353, 0.0056779837792477845, 1.9082828728675012, -0.44393579835638131, 0.0031329072734616109, 0.057393259123729216, -1.4926747572717705, 0.053443114287232162, 0.24724158290813822, -0.49657261587444473, -0.020733693237025116, 0.58871222541647328, 0.16212516939110003, -1.5607343997373571, 0.43658748846751411, 0.72020429882895665, 0.0020743956160300366, 0.0027670826891339571, 0.00061792534485490686, -0.00099147406708426783, 0.0039122909830880256, -8.6986808535589877e-06, -0.0036645705215682632, 0.00074010908473915154, 0.001169055810522051, 0.0048630998116573456, -0.0039118428858713437, -0.0043110635991712868, 7.9300191128893992e-05, -0.0039757390929134832, 0.0018547572432524853, -0.0045166402363152102, -0.0049194642028632073, 0.0012326329615960415, 0.0027139449321915221, -0.0010010111978916315, 1.610095221804466e-05, -0.0039847946143990957, -0.0049010752429872843, 0.0034387157537287124, -0.0019987119885164985, -0.0021678886030151168, 0.00075760715389340712, -0.0045987994895987459, 0.0010347835601293761
-0.0023340210224227112, 0.087903748286769709, -0.0013499952065099499, 1.5260009064640669, -0.0027903439949985777, 0.0038172110664833484, 0.82328126164733473, 0.0018314859199501515, 0.009044922463165718, 1.9086517108251713, -0.44078784012627803, 0.0019644293536689259, 0.81990955230597984, 0.006733128328310585, 0.0088214648552917309, 1.9151979502931857, -0.43815821743864813, 0.0065418365509055821, 0.051817587395392023, -1.4904122860037734, 0.052892891901264553, 0.25185947686325633, -0.49078156739143614, -0.022113152836048929, 0.59533669436768899, 0.16274472689926914, -1.5647006267145762, 0.43366045667689934, 0.72325021285473035, 0.0021849425545991197, -0.0029761046231833845, -0.0046425791566043796, 0.0015626680451537667, 0.0034094614762912373, -0.0048331619499755677, 0.0037820555648080982, 0.0028131930181717517, 0.0008832894029416824, -0.0047038224825773113, -0.0044228219656187086, 0.0015167377199833869, 0.0023157474266110277, 0.0011537194308858236, 0.0034232005133766159, -0.00069396982115814236, -0.00019336459701166896, -0.0048832378800979584, -0.0035759411219979877, -0.0031326030617417778, 0.0026457495564054054, 0.003797350579824132, -0.0014776493183090377, 0.0046014266954730468, -0.0033926197143382695, 0.00018730521929537919, -0.003083269178863016, -0.00051260846235285078, -0.004842442505363179
