MinReturn,MaxReturn,AveragePolicyStd,vf_dLoss,ExplainedVariance,vf_LossAfter,MeanKLBefore,AverageDiscountedReturn,StdReturn,LossBefore,dLoss,LossAfter,AverageReturn,NumTrajs,Iteration,Entropy,vf_LossBefore,Perplexity,vf_MeanKL,MeanKL
-2.96506070696e+16,-3778255.6418,1.0,0.0,4.10782519111e-15,4.09463651622e+29,0.0,-1.88204012196e+13,1.85536592096e+15,2.46267920027e-16,0.004661860338,-0.004661860338,-1.34657553139e+14,261,1,32.6355862637,4.09463651622e+29,1.4909223597e+14,0.0,0.00978870648977
-2.51536299563e+18,-9045278.56693,0.999778875131,0.0,2.22044604925e-16,2.79858076865e+33,0.0,-1.48304761214e+15,1.54821668434e+17,1.30781126633e-16,0.00454786684182,-0.00454786684182,-9.8397540912e+15,263,2,32.6304594848,2.79858076865e+33,1.48329829062e+14,0.0,0.00970058142276
-1.15956988319e+17,-9088790.05232,0.999367763764,0.0,1.66533453694e-15,7.72809071575e+30,0.0,-1.0840375679e+14,7.97828439093e+15,-3.21762399176e-16,0.00416681871684,-0.00416681871684,-7.70254664841e+14,265,3,32.6209827077,7.72809071575e+30,1.4693078004e+14,0.0,0.00997421251542
-5.87930972909e+15,-8362975.72165,0.999219679168,0.0,1.98729921408e-14,2.15615110275e+28,0.0,-5.31448893228e+12,4.26386613845e+14,-9.38599040372e-17,0.00317170641216,-0.00317170641216,-3.71836316502e+13,263,4,32.6175714071,2.15615110275e+28,1.46430408926e+14,0.0,0.00645820485494
-1.04812076304e+22,-11953808.7745,0.999406732169,0.0,0.0,5.11165281575e+40,0.0,-5.47518358172e+18,6.47525817625e+20,-3.0978562414e-16,0.00572968334795,-0.00572968334795,-4.01678409597e+19,261,5,32.6218691761,5.11165281575e+40,1.47061087281e+14,0.0,0.00854203567601
-1.45841261598e+52,-8779409.22295,0.999467535362,0.0,0.0,1.00334497342e+101,0.0,-7.4671375483e+48,8.97584428405e+50,1.08465242942e-14,0.0044592731524,-0.00445927315239,-5.54529511779e+49,263,6,32.6232376501,1.00334497342e+101,1.47262474311e+14,0.0,0.00997009777862
-1.27542866249e+24,-1978813.55982,0.999600486528,0.0,0.0,7.32486537167e+44,0.0,-7.1066092422e+20,7.85048429749e+22,2.35095141324e-14,0.00426628230816,-0.00426628230813,-4.96840514471e+21,263,7,32.6262958721,7.32486537167e+44,1.47713525014e+14,0.0,0.00999074613429
-3.2466915103e+15,-6568308.47033,0.999363800579,0.0,3.8413716652e-14,5.30309570572e+27,0.0,-2.75859330738e+12,2.09312718877e+14,2.11897638305e-16,0.00417489622116,-0.00417489622116,-1.96101790751e+13,263,8,32.6208562559,5.30309570572e+27,1.46912201551e+14,0.0,0.0098914316943
-7.7088982729e+25,-6695867.25821,0.999298193362,0.0,0.0,2.80424228841e+48,0.0,-3.98212688954e+22,4.74447066425e+24,2.81377055416e-14,0.00320596769644,-0.00320596769641,-2.95445920146e+23,263,9,32.6192988044,2.80424228841e+48,1.46683571002e+14,0.0,0.0064183347025
-2.67411338246e+20,-10140385.9482,0.999584846078,0.0,0.0,3.3293272762e+37,0.0,-1.39405119795e+17,1.64891621084e+19,-1.01301472377e-16,0.00397090898435,-0.00397090898435,-1.02077288879e+18,262,10,32.6258884203,3.3293272762e+37,1.47653351129e+14,0.0,0.00997444116644
-3.38958743478e+32,-7427346.19048,0.999361543406,0.0,0.0,5.35141685116e+61,0.0,-1.75804006451e+29,2.08613176474e+31,-9.67371889912e-15,0.00361812036989,-0.0036181203699,-1.28881827831e+30,263,11,32.6207571666,5.35141685116e+61,1.46897644846e+14,0.0,0.00995008067178
-1.80277880895e+18,-2255043.24548,0.999377910119,0.0,0.0,1.6131075717e+33,0.0,-4.79570150361e+15,1.30515499255e+17,-1.37580362316e-17,0.00378005801669,-0.00378005801669,-1.2277956765e+16,262,12,32.6210750171,1.6131075717e+33,1.46944343752e+14,0.0,0.00640360596014
-1.46908630056e+20,-5857670.63826,0.999319708266,0.0,0.0,1.00370560962e+37,0.0,-7.63389171576e+16,9.05869382627e+18,2.89102153588e-16,0.0046230453702,-0.0046230453702,-5.60963154771e+17,262,13,32.6197528606,1.00370560962e+37,1.46750188718e+14,0.0,0.0098599019789
-5.55129616339e+16,-7122757.70482,0.999653832825,0.0,1.55431223448e-15,1.604498352e+30,0.0,-4.4549361523e+13,3.67801142096e+15,9.79496740889e-17,0.00303351332499,-0.00303351332499,-3.15042062366e+14,262,14,32.6273992304,1.604498352e+30,1.47876595895e+14,0.0,0.00641152522912
-5.99884902181e+18,-4914112.87198,0.999953823799,0.0,0.0,2.77748360724e+34,0.0,-6.39840774486e+15,4.76614491477e+17,1.45484041891e-16,0.00363487676454,-0.00363487676454,-4.62264071044e+16,264,15,32.6342358528,2.77748360724e+34,1.48891036068e+14,0.0,0.0099947438634
-3.26010698779e+23,-15008920.2985,1.00017584668,0.0,0.0,4.84468410317e+43,0.0,-1.78117110626e+20,2.0140748759e+22,-1.79812288225e-14,0.00420235884963,-0.00420235884965,-1.2514807078e+21,261,16,32.6393427783,4.84468410317e+43,1.49653356396e+14,0.0,0.00997699718044
-3.21552464849e+32,-11907286.83,1.00017360828,0.0,0.0,4.8147626747e+61,0.0,-1.67418649898e+29,1.98654318101e+31,-3.47361052854e-14,0.0035588284742,-0.00355882847424,-1.23200178103e+30,261,17,32.6391854506,4.8147626747e+61,1.49629813627e+14,0.0,0.00640660282197
-6.34048845893e+46,-13352569.754,1.00038642137,0.0,0.0,1.88002791308e+90,0.0,-3.26741731636e+43,3.90227268118e+45,-2.70257025339e-14,0.00325560851096,-0.00325560851098,-2.41083211366e+44,263,18,32.6440461645,1.88002791308e+90,1.50358891839e+14,0.0,0.0064315226948
-1.88597177293e+40,-20505190.9704,1.00022388836,0.0,0.0,1.67401465714e+77,0.0,-9.72829158255e+36,1.16293154414e+39,2.13554646666e-14,0.00405396658602,-0.004053966586,-7.19836555101e+37,262,19,32.6403849085,1.67401465714e+77,1.49809395979e+14,0.0,0.00992223028628
-6.02943445098e+35,-19527608.9321,1.00084563889,0.0,0.0,1.70692853437e+68,0.0,-3.12491724376e+32,3.72496970271e+34,3.48749891311e-14,0.00369717495899,-0.00369717495896,-2.31012814214e+33,261,20,32.6546587745,1.70692853437e+68,1.5196308941e+14,0.0,0.00641284743195
-7.3512972839e+21,-9874437.2149,1.00108000198,0.0,0.0,2.4701994004e+40,0.0,-3.92011120573e+18,4.53297091659e+20,1.0002066008e-15,0.0047815290087,-0.0047815290087,-2.80586486272e+19,262,21,32.65997151,2.4701994004e+40,1.52772577514e+14,0.0,0.00993890121521
-8.82260532714e+32,-8956251.21274,1.00073101728,0.0,0.0,3.62933362264e+62,0.0,-4.62429880629e+29,5.46101520479e+31,2.57156624324e-14,0.00464349871841,-0.00464349871839,-3.39331007199e+30,260,22,32.6518747869,3.62933362264e+62,1.51540614413e+14,0.0,0.00976070125402
-2.01867426416e+40,-6551902.29233,1.00084403505,0.0,0.0,1.91282511129e+77,0.0,-1.04597373184e+37,1.24713197146e+39,-2.00257154549e-14,0.00420355735443,-0.00420355735445,-7.73438415387e+37,261,23,32.6544794571,1.91282511129e+77,1.51935842236e+14,0.0,0.00997594414695
-5.68482781751e+17,-16992268.5789,1.00091758813,0.0,3.33066907388e-16,1.62716294163e+32,0.0,-4.24197399487e+14,3.68547977707e+16,-1.81933271399e-16,0.00321328981388,-0.00321328981388,-3.00801234234e+15,262,24,32.6561394198,1.62716294163e+32,1.52188259503e+14,0.0,0.00641955870299
-1.73340226053e+19,-8115312.70623,1.00082154115,0.0,0.0,1.35718924648e+35,0.0,-9.36638418822e+15,1.0708795585e+18,-1.28209826473e-16,0.00356712431185,-0.00356712431185,-6.66379961447e+16,261,25,32.6539732631,1.35718924648e+35,1.51858952678e+14,0.0,0.00992515207307
-1.71255381611e+30,-18178146.805,1.00172599216,0.0,0.0,1.34458559509e+57,0.0,-9.02382875201e+26,1.05599822987e+29,2.71730624833e-14,0.00483707606647,-0.00483707606644,-6.53646494721e+27,262,26,32.6746617579,1.34458559509e+57,1.55033409984e+14,0.0,0.00983293553345
-1.24497378674e+17,-16597971.4118,1.00187114555,0.0,1.11022302463e-15,8.52126954054e+30,0.0,-1.181054546e+14,8.43589978809e+15,2.53600518277e-16,0.00366702744454,-0.00366702744454,-8.39068575104e+14,261,27,32.6779931657,8.52126954054e+30,1.55550750755e+14,0.0,0.00998443576982
-3.69329944263e+48,-11174493.0878,1.00200990168,0.0,0.0,6.49182426218e+93,0.0,-1.87686444896e+45,2.26875953633e+47,-2.43384620703e-14,0.00307510990163,-0.00307510990166,-1.3989770616e+46,264,28,32.6811063064,6.49182426218e+93,1.56035756675e+14,0.0,0.00641512590788
-1.02500055751e+20,-6340377.51417,1.00232305977,0.0,0.0,4.72573491789e+36,0.0,-5.57223558272e+16,6.33232314403e+18,-9.84769931051e-17,0.00448891331578,-0.00448891331578,-3.95855202287e+17,261,29,32.6882650325,4.72573491789e+36,1.57156781687e+14,0.0,0.00982711936773
-9.34027148189e+30,-6255688.43278,1.00206114199,0.0,0.0,4.05395552632e+58,0.0,-4.84123633543e+27,5.74849815967e+29,-1.90370579862e-14,0.00366676167016,-0.00366676167017,-3.55143404956e+28,263,30,32.6821848608,4.05395552632e+58,1.56204140526e+14,0.0,0.00641487701469
-3.19163859311e+17,-6535936.16819,1.0024643575,0.0,3.33066907388e-16,4.71488502031e+31,0.0,-1.70264729994e+14,1.97931339905e+16,-7.88968178516e-17,0.00426354697836,-0.00426354697836,-1.24412017974e+15,259,31,32.6914315281,4.71488502031e+31,1.57655206662e+14,0.0,0.00641998377814
-8.740073768e+19,-15514516.9383,1.0021053184,0.0,0.0,3.46946753948e+36,0.0,-4.76441491547e+16,5.39951780892e+18,-1.90209875324e-17,0.00283428958652,-0.00283428958652,-3.37163721136e+17,261,32,32.683071016,3.46946753948e+36,1.56342622983e+14,0.0,0.00640713744907
-8.21557630057e+23,-2856966.01181,1.00243089323,0.0,0.0,2.91581503957e+44,0.0,-4.63598126424e+20,5.07556273406e+22,-4.89720128648e-14,0.00290571573181,-0.00290571573186,-3.14773046282e+21,261,33,32.6905411888,2.91581503957e+44,1.57514902505e+14,0.0,0.00643814553405
-1.0531561657e+17,-15560238.9746,1.00249592156,0.0,1.44328993201e-15,4.83130336696e+30,0.0,-6.04786125877e+13,6.50681045849e+15,4.29858635403e-16,0.00472284227327,-0.00472284227327,-4.10792926981e+14,261,34,32.6919803806,4.83130336696e+30,1.57741759864e+14,0.0,0.00992754226732
-6.49793632279e+14,-8507698.70247,1.0019706824,0.0,2.52797782707e-13,2.18922353535e+26,0.0,-727537940001.0,4.34568642516e+13,3.12708831503e-16,0.00384532527892,-0.00384532527892,-4.81031032245e+12,261,35,32.6799045179,2.18922353535e+26,1.55848347332e+14,0.0,0.00994499799543
-2.95102815004e+18,-3967676.30592,1.00148583697,0.0,0.0,4.02748518372e+33,0.0,-1.60945322083e+15,1.82340520306e+17,1.16543656188e-17,0.00420842262244,-0.00420842262244,-1.17428195287e+16,261,36,32.668607462,4.02748518372e+33,1.54097627457e+14,0.0,0.0098674360527
-3.37664523873e+21,-4790351.66992,1.00134398215,0.0,0.0,5.23736090233e+39,0.0,-1.7796829401e+18,2.08211348168e+20,-6.82661709556e-16,0.00433489542896,-0.00433489542896,-1.28879649254e+19,262,37,32.6652997525,5.23736090233e+39,1.53588759322e+14,0.0,0.00975916771147
-3.76609932735e+31,-3243022.00778,1.00160889068,0.0,0.0,6.50786662395e+59,0.0,-1.99496715447e+28,2.32225941502e+30,2.67789629576e-14,0.00400343178889,-0.00400343178886,-1.43744249135e+29,262,38,32.6714463853,6.50786662395e+59,1.54535720359e+14,0.0,0.00996910421106
-2.41773909471e+16,-6811493.36753,1.00116460897,0.0,5.10702591328e-15,3.2128973919e+29,0.0,-2.08074488719e+13,1.6398369639e+15,1.48687602965e-16,0.00452662386318,-0.00452662386318,-1.47707517361e+14,262,39,32.6610138571,3.2128973919e+29,1.52931902589e+14,0.0,0.00991736244984
-1.14045857728e+15,-6711981.6555,1.00120179953,0.0,9.6256336235e-14,5.95417352391e+26,0.0,-677393833174.0,7.05499317813e+13,3.12674031965e-16,0.00460676721858,-0.00460676721858,-4.8212557474e+12,262,40,32.6618143563,5.95417352391e+26,1.53054373457e+14,0.0,0.0099624590126
-2.68312650237e+34,-7462463.87483,1.00115441579,0.0,0.0,3.15506906512e+65,0.0,-1.53719069317e+31,1.66080132659e+33,-5.84296057161e-15,0.00389473127088,-0.00389473127088,-1.03197173168e+32,260,41,32.6606992396,3.15506906512e+65,1.52883795102e+14,0.0,0.00933392357197
-5.54619247789e+17,-6098784.21114,1.00066323085,0.0,1.11022302463e-16,1.43053972033e+32,0.0,-2.93555231884e+14,3.42651734881e+16,-5.91637143833e-17,0.00307983540144,-0.00307983540144,-2.15443606086e+15,261,42,32.6492705841,1.43053972033e+32,1.51146485341e+14,0.0,0.00642085951927
-3.16841816743e+40,-5228254.1749,1.0010050595,0.0,0.0,4.70763853167e+77,0.0,-1.64359453746e+37,1.95744091343e+39,1.68979571245e-14,0.00450586114436,-0.00450586114435,-1.21395332085e+38,261,43,32.6571172701,4.70763853167e+77,1.5233714963e+14,0.0,0.00999824574163
-6.60542161685e+15,-2924885.51307,1.00096386653,0.0,1.15463194561e-14,1.99331527872e+28,0.0,-3.57725267406e+12,4.08854161358e+14,-1.14126562076e-17,0.00488014848391,-0.00488014848391,-2.56709493657e+13,260,44,32.6561424726,1.99331527872e+28,1.52188724111e+14,0.0,0.00976711513839
-5.15733358346e+18,-7878280.48173,1.00126273569,0.0,0.0,1.30433195847e+34,0.0,-4.22261201098e+15,3.35163764502e+17,1.79539348408e-16,0.00431706319508,-0.00431706319508,-2.63296833817e+16,262,45,32.6629527265,1.30433195847e+34,1.53228705203e+14,0.0,0.00986437314797
-4.2558075155e+24,-4715423.65652,1.00080236499,0.0,0.0,8.46454097899e+45,0.0,-2.24755727304e+21,2.63932008034e+23,1.46051476541e-14,0.00427593283197,-0.00427593283196,-1.64317294796e+22,259,46,32.6524899146,8.46454097899e+45,1.51633859916e+14,0.0,0.00995511798422
-1.77352704048e+17,-5254702.12437,1.00102803016,0.0,4.4408920985e-16,1.41251550826e+31,0.0,-1.01320787189e+14,1.10019957333e+16,1.77361386633e-16,0.00373186813087,-0.00373186813087,-7.13064372776e+14,259,47,32.6577205224,1.41251550826e+31,1.52429075081e+14,0.0,0.00978314585367
-1.62942667484e+17,-2790110.28565,1.00150809112,0.0,8.881784197e-16,1.2937807109e+31,0.0,-1.10316873456e+14,1.03732849224e+16,-2.08855542406e-16,0.00351896043842,-0.00351896043842,-7.9052734485e+14,263,48,32.668758161,1.2937807109e+31,1.54120851561e+14,0.0,0.00641941578566
-4.31067248272e+25,-4227483.02641,1.00088813932,0.0,0.0,8.62907185336e+47,0.0,-2.39629643906e+22,2.67095613201e+24,1.89207411751e-14,0.00399474398961,-0.00399474398959,-1.74774730067e+23,260,49,32.6543478092,8.62907185336e+47,1.51915841516e+14,0.0,0.0098724626196
-3.21623964731e+17,-2961875.43648,1.00138554758,0.0,3.33066907388e-16,4.73520790324e+31,0.0,-1.76041963587e+14,1.98721602465e+16,-4.5705539418e-17,0.00335301647947,-0.00335301647947,-1.27270357078e+15,261,50,32.6656959044,4.73520790324e+31,1.5364961586e+14,0.0,0.00995644476364
-4.64087432825e+37,-5103299.84547,1.00134324263,0.0,0.0,1.00766506837e+72,0.0,-2.42159103637e+34,2.8726078454e+36,7.37836475615e-16,0.00435188517863,-0.00435188517862,-1.78495166471e+35,260,51,32.6646385804,1.00766506837e+72,1.53487244295e+14,0.0,0.00981053290015
-5.26301667544e+23,-4191128.39815,1.0018863139,0.0,0.0,1.27455658394e+44,0.0,-3.83393394047e+20,3.24528184175e+22,1.82456711801e-14,0.00425718072568,-0.00425718072566,-2.01045459846e+21,262,52,32.6771158153,1.27455658394e+44,1.55414338082e+14,0.0,0.0099357310692
-2.65730666697e+40,-5531380.56291,1.00137682605,0.0,0.0,3.33650059772e+77,0.0,-1.37619663363e+37,1.64481936792e+39,-1.33435671313e-14,0.00417824054782,-0.00417824054784,-1.02204102576e+38,260,53,32.6653659433,3.33650059772e+77,1.53598925825e+14,0.0,0.00992014894787
-1.82094359629e+17,-7953614.4013,1.00159281704,0.0,6.66133814775e-16,1.62270031534e+31,0.0,-1.32128604984e+14,1.17459256146e+16,2.3416003224e-16,0.0039380342098,-0.0039380342098,-9.33425121321e+14,260,54,32.6703418043,1.62270031534e+31,1.54365117381e+14,0.0,0.00999752078063
-7.29361742737e+18,-6830117.81479,1.00095929177,0.0,0.0,2.39167408056e+34,0.0,-4.02784550841e+15,4.52317327014e+17,1.61059239615e-16,0.00471864394836,-0.00471864394836,-2.84008893244e+16,259,55,32.6559058649,2.39167408056e+34,1.5215271935e+14,0.0,0.00996037194463
-1.91948593339e+17,-2504949.88707,1.00086979001,0.0,5.55111512313e-16,1.65096109751e+31,0.0,-1.05957547328e+14,1.18817886666e+16,1.0236162554e-16,0.00407717965017,-0.00407717965017,-7.50625400325e+14,260,56,32.6537632854,1.65096109751e+31,1.51827069037e+14,0.0,0.00994679841526
-2.3837985351e+17,-1252511.19183,1.00062102496,0.0,3.33066907388e-16,2.71652313026e+31,0.0,-1.84175025177e+14,1.52191111935e+16,7.55516538903e-17,0.00289854083343,-0.00289854083343,-1.30012203676e+15,260,57,32.6480543534,2.71652313026e+31,1.50962768096e+14,0.0,0.00640882787091
-5.75038093111e+15,-6892634.72055,1.00067751371,0.0,2.45359288442e-14,1.65006183558e+28,0.0,-4.70567706399e+12,3.69043310084e+14,4.98666523629e-17,0.00337968308546,-0.00337968308546,-3.40175823522e+13,259,58,32.6493721572,1.65006183558e+28,1.51161838541e+14,0.0,0.00648651155699
-2.78104637942e+18,-3625606.81607,1.00078161516,0.0,-2.22044604925e-16,3.57289770675e+33,0.0,-1.45993695686e+15,1.71812051002e+17,-2.55112332947e-16,0.00402241984272,-0.00402241984272,-1.06605938598e+16,261,59,32.6517042217,3.57289770675e+33,1.51514769065e+14,0.0,0.00989745835036
-1.49431668503e+15,-11715190.9171,1.00128173222,0.0,6.91668944341e-14,1.99663665095e+27,0.0,-1.63691495338e+12,1.30103710321e+14,-1.16677779533e-16,0.00360215293627,-0.00360215293627,-1.16271201569e+13,261,60,32.6633708341,1.99663665095e+27,1.53292784687e+14,0.0,0.0064116170864
-8.05476306683e+15,-12250140.0724,1.00101588883,0.0,1.31006316906e-14,2.7923545565e+28,0.0,-4.79307932598e+12,4.98748327546e+14,5.2971484838e-16,0.00377624527891,-0.00377624527891,-3.22543271224e+13,260,61,32.6571162565,2.7923545565e+28,1.52336995218e+14,0.0,0.00994765029755
-4.28605997077e+15,-7984794.40966,1.00172721892,0.0,3.01980662698e-14,8.25313573137e+27,0.0,-2.75770383283e+12,2.66494775884e+14,1.94981190974e-17,0.00338503016321,-0.00338503016321,-1.92454119153e+13,260,62,32.6733966969,8.25313573137e+27,1.54837407271e+14,0.0,0.00640551298344
-2.5592132373e+17,-16790707.0403,1.00168406638,0.0,5.55111512313e-16,2.99030909496e+31,0.0,-1.38275633588e+14,1.58108379841e+16,8.27602333698e-17,0.00294194503946,-0.00294194503946,-9.97217982919e+14,261,63,32.672324603,2.99030909496e+31,1.54671495972e+14,0.0,0.0064113863527
-4.43203376631e+18,-7977323.02869,1.00185048541,0.0,0.0,9.06716017524e+33,0.0,-2.74172994016e+15,2.77323791237e+17,8.20946407551e-17,0.0041577693579,-0.0041577693579,-1.94759396291e+16,259,64,32.6760436324,9.06716017524e+33,1.55247794791e+14,0.0,0.00992321611698
-2.75709166117e+19,-6526446.04664,1.00218054219,0.0,0.0,3.70526796523e+35,0.0,-1.83471264101e+16,1.75750930771e+18,-1.75173017533e-16,0.00332906611559,-0.00332906611559,-1.31828560224e+17,258,65,32.6835309857,3.70526796523e+35,1.56414552392e+14,0.0,0.00641935930897
-8.34030502018e+16,-12478946.8301,1.00146468801,0.0,1.11022302463e-15,3.11904935424e+30,0.0,-4.66739845335e+13,5.17250151323e+15,4.50775152524e-17,0.00304051473457,-0.00304051473457,-3.27845463314e+14,259,66,32.6670681993,3.11904935424e+30,1.53860613186e+14,0.0,0.00642861942536
-3.54638462913e+16,-5895141.15213,1.00105602252,0.0,2.99760216649e-15,5.64833930032e+29,0.0,-1.97514295313e+13,2.19929781853e+15,-2.92368763441e-16,0.00450149616875,-0.00450149616875,-1.39253207169e+14,259,67,32.6574960801,5.64833930032e+29,1.52394867391e+14,0.0,0.00989564296778
-3.26158338956e+19,-10927901.505,1.00046912983,0.0,0.0,4.88885149778e+35,0.0,-1.73733085224e+16,2.02273279724e+18,-5.90110055484e-17,0.00417138714432,-0.00417138714432,-1.25934305682e+17,259,68,32.6441179429,4.88885149778e+35,1.50369684733e+14,0.0,0.0099082775932
-2.84003384017e+12,-7580206.03577,1.00035415842,0.0,3.55644402816e-11,3.61317093761e+21,0.0,-3475054066.35,180894573755.0,1.07330120474e-16,0.00391366116633,-0.00391366116633,-16235691836.0,260,69,32.6414240796,3.61317093761e+21,1.49965154477e+14,0.0,0.00994926669777
-5.12403134175e+15,-6375662.3499,1.00061404358,0.0,2.13162820728e-14,1.39850544602e+28,0.0,-4.00384436834e+12,3.44747608217e+14,-2.96926601082e-16,0.00327061989219,-0.00327061989219,-2.82474914141e+13,259,70,32.6474186073,1.39850544602e+28,1.50866824594e+14,0.0,0.0064167721317
-2.28291221612e+18,-8066695.43368,1.00039646753,0.0,-2.22044604925e-16,2.43599772847e+33,0.0,-1.18679875549e+15,1.41037389067e+17,2.29734515713e-16,0.00339117753928,-0.00339117753928,-8.75283597561e+15,261,71,32.6424023691,2.43599772847e+33,1.50111935609e+14,0.0,0.00641500212081
-4.82104180523e+17,-6929514.64335,1.00068568399,0.0,3.33066907388e-16,1.0673730661e+32,0.0,-2.66361621951e+14,2.99164616006e+16,-4.8854843668e-16,0.00415004736931,-0.00415004736931,-1.93352091507e+15,259,72,32.6491348308,1.0673730661e+32,1.51125968106e+14,0.0,0.009899815464
-1.31198500342e+19,-4575201.16739,1.0009041396,0.0,-2.22044604925e-16,7.88887625139e+34,0.0,-7.02861548931e+15,8.13652162885e+17,1.74274681021e-16,0.00376449682532,-0.00376449682532,-5.06611580015e+16,259,73,32.6541057857,7.88887625139e+34,1.51879078756e+14,0.0,0.00977758948455
-4.52989773022e+18,-8003996.58774,1.00051859106,0.0,0.0,1.16034724813e+34,0.0,-3.69042402599e+15,3.10241640485e+17,1.95110410264e-16,0.00418477910092,-0.00418477910092,-2.6849328831e+16,260,74,32.6450396833,1.16034724813e+34,1.50508350451e+14,0.0,0.00999637612365
-3.60021292316e+25,-6020107.90722,1.00027773459,0.0,0.0,6.07440133683e+47,0.0,-1.8730650744e+22,2.22845937136e+24,-2.23541513097e-14,0.00290368503055,-0.00290368503057,-1.38469728085e+23,260,75,32.6394275607,6.07440133683e+47,1.49666044912e+14,0.0,0.00640514256667
-1.22640947308e+17,-10549997.9488,1.00007595175,0.0,9.99200722163e-16,6.73905123102e+30,0.0,-7.50141944616e+13,7.6189598988e+15,4.21684005345e-16,0.00321484987897,-0.00321484987897,-5.26371950648e+14,259,76,32.6346134719,6.73905123102e+30,1.48947270784e+14,0.0,0.00997521657506
-5.28576245969e+14,-4978783.62393,1.00000629248,0.0,2.12274642308e-13,1.27630644955e+26,0.0,-330495960977.0,3.28895324131e+13,-1.07009249981e-16,0.0046626246586,-0.0046626246586,-2.2829273141e+12,260,77,32.6329198679,1.27630644955e+26,1.4869522658e+14,0.0,0.00975980155805
-4.46200667303e+20,-4799296.31276,0.999969874453,0.0,0.0,9.05211495654e+37,0.0,-2.41150684591e+17,2.76718137131e+19,-4.93653597997e-16,0.0044853125972,-0.0044853125972,-1.72662728964e+18,259,78,32.6322380005,9.05211495654e+37,1.48593870722e+14,0.0,0.00995266481202
-1.54154858713e+36,-6626302.9712,1.00017308588,0.0,0.0,1.1049019357e+69,0.0,-8.05860894708e+32,9.52364907352e+34,-1.37957516474e-14,0.00577079488348,-0.0057707948835,-5.90631642578e+33,261,79,32.6370638198,1.1049019357e+69,1.49312690934e+14,0.0,0.00705183753832
-2.56751084085e+69,-8632196.56261,1.00002950736,0.0,0.0,3.12944333973e+135,0.0,-1.33524938642e+66,1.59536162658e+68,-3.47920852977e-14,0.00451654844259,-0.00451654844263,-9.95159240641e+66,258,80,32.63381319,3.12944333973e+135,1.48828118665e+14,0.0,0.00969518148889
-4.64944174291e+14,-9093514.311,0.998917420002,0.0,3.3228975127e-13,1.10816753011e+26,0.0,-450610856297.0,3.09295739462e+13,4.01111463306e-16,0.00308332269329,-0.00308332269329,-3.12154686976e+12,259,81,32.6080200041,1.10816753011e+26,1.45038451228e+14,0.0,0.00996993571596
-1.87773780365e+17,-9993651.4008,0.998811925573,0.0,3.33066907388e-16,1.59751388926e+31,0.0,-1.01872465915e+14,1.16675751391e+16,-2.53039347952e-16,0.00315551369185,-0.00315551369185,-7.28351403222e+14,258,82,32.6057526004,1.59751388926e+31,1.44709963053e+14,0.0,0.00642620635837
-4.76623029502e+15,-6616351.73783,0.998760662758,0.0,2.32036612147e-14,1.84779717472e+28,0.0,-6.68341593489e+12,3.97493171638e+14,-8.12856978974e-16,0.00339032605172,-0.00339032605172,-4.50097282564e+13,259,83,32.6043918906,1.84779717472e+28,1.44513188701e+14,0.0,0.00975613507885
-1.31706175246e+18,-5302962.98564,0.998344112372,0.0,0.0,7.96723573243e+32,0.0,-7.52465299325e+14,8.18918119614e+16,-6.89880572824e-17,0.00412595189061,-0.00412595189061,-5.40459512909e+15,258,84,32.5949203161,7.96723573243e+32,1.43150883035e+14,0.0,0.00995765821619
-4.34477426634e+14,-2560267.88057,0.99818944559,0.0,2.29705143795e-13,8.34845172706e+25,0.0,-254308165255.0,2.67900679813e+13,-4.21830013958e-16,0.0028821525578,-0.0028821525578,-1.6853205243e+12,262,85,32.5912594573,8.34845172706e+25,1.42627785946e+14,0.0,0.0064139810359
-1.39127522792e+16,-9465358.47849,0.998783764234,0.0,7.43849426499e-15,8.59015909157e+28,0.0,-8.01753185443e+12,8.6282510986e+14,-2.28685516081e-16,0.0037164910658,-0.0037164910658,-5.48777269329e+13,259,86,32.6050302464,8.59015909157e+28,1.44605468979e+14,0.0,0.00999611583279
-2.23448426975e+14,-5135126.14355,0.998107990505,0.0,5.59885471318e-13,2.94391913943e+25,0.0,-220053743634.0,1.598248022e+13,1.35367115366e-16,0.00410383649907,-0.00410383649907,-1.49507622343e+12,261,87,32.5894335468,2.94391913943e+25,1.42367597993e+14,0.0,0.00994579592937
-3.01422582298e+16,-11624920.0203,0.997838527211,0.0,2.99760216649e-15,4.19335455936e+29,0.0,-1.65042572669e+13,1.86943183342e+15,-1.74558753569e-16,0.00315125550239,-0.00315125550239,-1.19674475409e+14,259,88,32.5831226308,4.19335455936e+29,1.41471957165e+14,0.0,0.00996597063739
-2.76312996811e+17,-2532983.02847,0.998024138999,0.0,2.22044604925e-16,3.63164897361e+31,0.0,-1.76232003406e+14,1.73843262931e+16,-8.75196534627e-17,0.00428296400311,-0.00428296400311,-1.25560339831e+15,259,89,32.5874969337,3.63164897361e+31,1.4209215384e+14,0.0,0.00989002489053
-4.08484584078e+15,-1853831.45419,0.997803912813,0.0,2.87547763378e-14,7.38762311858e+27,0.0,-3.10326853685e+12,2.55909421273e+14,1.3502408526e-16,0.00393008645438,-0.00393008645438,-1.93545716395e+13,260,90,32.5823384939,7.38762311858e+27,1.4136106726e+14,0.0,0.00974217970863
-7.59693517493e+21,-5553964.37927,0.997749002749,0.0,0.0,2.66919010232e+40,0.0,-4.00090200258e+18,4.71138407075e+20,1.93759570014e-15,0.00421463102442,-0.00421463102442,-2.93317997269e+19,259,91,32.580962193,2.66919010232e+40,1.41166645729e+14,0.0,0.00977849710461
-1.88716795834e+17,-6379056.2966,0.998393224551,0.0,5.55111512313e-16,1.52301148018e+31,0.0,-1.10740902579e+14,1.16592252709e+16,1.14051804136e-16,0.00497841196495,-0.00497841196495,-7.36475540012e+14,261,92,32.5957540702,1.52301148018e+31,1.43270285441e+14,0.0,0.00995022915618
-9.57662289948e+14,-5881306.91319,0.998414206086,0.0,1.26565424807e-13,4.50371202645e+26,0.0,-718616732336.0,6.14062903568e+13,-3.24129759761e-16,0.00370735274693,-0.00370735274693,-5.03405692093e+12,258,93,32.5963497208,4.50371202645e+26,1.43355649895e+14,0.0,0.00990936392151
-7.06506440205e+33,-5724506.04452,0.99834010464,0.0,0.0,2.34603797244e+64,0.0,-3.70209757787e+30,4.38998443825e+32,-1.66294097197e-14,0.00332846948023,-0.00332846948025,-2.73839705506e+31,258,94,32.5945204684,2.34603797244e+64,1.43093655935e+14,0.0,0.00988360990735
-4.59937936216e+15,-7546212.19189,0.997870151528,0.0,2.04281036531e-14,8.99833461784e+27,0.0,-3.02310653496e+12,2.85231573877e+14,2.88311202342e-16,0.00395901191649,-0.00395901191649,-1.80652798406e+13,259,95,32.5836307552,8.99833461784e+27,1.41543860786e+14,0.0,0.00986687011999
-1.09245281757e+18,-4398098.35126,0.997584013441,0.0,1.11022302463e-16,5.55442474124e+32,0.0,-5.76648979039e+14,6.77500178718e+16,-2.95112658894e-16,0.00280976747558,-0.00280976747558,-4.23083762155e+15,259,96,32.5768738291,5.55442474124e+32,1.40590683276e+14,0.0,0.00644016300287
-5.2984943413e+18,-5407522.17919,0.997960212763,0.0,0.0,1.29549220373e+34,0.0,-2.83267635024e+15,3.28596217047e+17,5.08100539532e-17,0.00429159569242,-0.00429159569242,-2.04575609063e+16,259,97,32.5851978037,1.29549220373e+34,1.41765840763e+14,0.0,0.00996210688596
-4.72918982556e+14,-960455.459908,0.997615309779,0.0,2.52242671195e-13,1.02669573128e+26,0.0,-350253051906.0,3.01245870009e+13,4.39829304988e-16,0.00404882651752,-0.00404882651752,-2.39402910662e+12,260,98,32.5773030543,1.02669573128e+26,1.40651041303e+14,0.0,0.00992288955764
-2.26282791052e+37,-6493597.48706,0.997107682657,0.0,0.0,2.36199190717e+71,0.0,-1.20081991686e+34,1.40333583639e+36,-1.85229323179e-14,0.00454984240332,-0.00454984240334,-8.73678729931e+34,259,99,32.5657065947,2.36199190717e+71,1.3902940795e+14,0.0,0.00978640136155
-7.13030441644e+16,-8012993.17365,0.99736036583,0.0,1.88737914186e-15,2.30089266033e+30,0.0,-4.60189270809e+13,4.4524627901e+15,2.06889285567e-16,0.00285611636162,-0.00285611636162,-3.18170226244e+14,259,100,32.5714701033,2.30089266033e+30,1.39833018722e+14,0.0,0.00643732975166
-1.86607329229e+16,-4922740.07259,0.997477363258,0.0,5.88418203051e-15,1.63354231805e+29,0.0,-1.24903273765e+13,1.16646573089e+15,-1.22013891522e-16,0.00362016239485,-0.00362016239485,-8.81557148949e+13,260,101,32.5740530948,1.63354231805e+29,1.40194673107e+14,0.0,0.00641875933728
-6.08432133817e+17,-5280543.64055,0.997059286239,0.0,2.22044604925e-16,1.65844914267e+32,0.0,-3.56671148993e+14,3.77274369909e+16,5.77784938222e-16,0.00281661880191,-0.00281661880191,-2.49728160461e+15,260,102,32.5645661025,1.65844914267e+32,1.38870936382e+14,0.0,0.00640394624425
-7.73417113052e+14,-2711663.49291,0.996975690296,0.0,1.3256062914e-13,2.73649527681e+26,0.0,-467022836877.0,4.80067904112e+13,-1.34866297106e-16,0.00423290474076,-0.00423290474076,-3.29592817814e+12,260,103,32.5625923421,2.73649527681e+26,1.38597108753e+14,0.0,0.00999122708372
-8.08266440885e+18,-5272507.20311,0.997213207024,0.0,0.0,2.92756479412e+34,0.0,-4.4516222e+15,5.01257901703e+17,7.14170542761e-17,0.00390808424602,-0.00390808424602,-3.13656120085e+16,259,104,32.5679681029,2.92756479412e+34,1.39344179899e+14,0.0,0.00998518229843
-3.83878264637e+15,-8407073.74307,0.99770838208,0.0,2.8088642523e-14,1.18270670372e+28,0.0,-4.27512829034e+12,3.18337609902e+14,-6.87038864533e-17,0.00384122790248,-0.00384122790248,-2.95415355015e+13,259,105,32.5794241727,1.18270670372e+28,1.40949695433e+14,0.0,0.00995837283896
-2.46479229954e+17,-9436256.08559,0.997819395657,0.0,5.55111512313e-16,2.70803327126e+31,0.0,-1.70365457962e+14,1.55046186614e+16,-6.61080686049e-17,0.00404573755217,-0.00404573755217,-1.1321121655e+15,260,106,32.5817375381,2.70803327126e+31,1.41276141031e+14,0.0,0.00994266675018
-7.40119994599e+14,-6092143.84995,0.99776744589,0.0,1.53765888911e-13,2.35579067909e+26,0.0,-520320995086.0,4.6106658616e+13,1.60676779966e-16,0.00308117724632,-0.00308117724632,-3.28225859265e+12,258,107,32.5801289508,2.35579067909e+26,1.41049068714e+14,0.0,0.00650287191873
-4.72625496108e+16,-3728289.13318,0.998268482662,0.0,2.22044604925e-15,1.01734035628e+30,0.0,-2.5590390596e+13,2.9142651228e+15,5.23781873563e-16,0.00406901353462,-0.00406901353462,-1.82744680168e+14,262,108,32.5918266326,1.01734035628e+30,1.42708703852e+14,0.0,0.00995646780598
-8.55613442962e+19,-6473919.28513,0.998009139911,0.0,0.0,3.3518006614e+36,0.0,-4.53116952656e+16,5.28595870459e+18,1.78139260368e-16,0.00377108310403,-0.00377108310403,-3.27821249612e+17,261,109,32.5858429459,3.3518006614e+36,1.41857329395e+14,0.0,0.00645938176704
-5.7658773378e+13,-6802025.29828,0.998251320804,0.0,2.04869454734e-12,2.34872506157e+24,0.0,-67173465614.7,4.49244019006e+12,-1.44630938489e-16,0.00472551648303,-0.00472551648303,-458700774597.0,259,110,32.5914325239,2.34872506157e+24,1.42652472184e+14,0.0,0.00978345769255
-1.5143251785e+16,-7859427.99785,0.998133132347,0.0,6.88338275268e-15,1.03083023726e+29,0.0,-8.36627123366e+12,9.39123109216e+14,1.68644779825e-16,0.00416570490874,-0.00416570490874,-5.89552883386e+13,259,111,32.588415015,1.03083023726e+29,1.42222665889e+14,0.0,0.00993630883243
-1.76916344001e+16,-4548857.27533,0.998153714312,0.0,6.66133814775e-15,1.97669219957e+29,0.0,-1.69045756595e+13,1.30666171929e+15,5.46434959698e-16,0.00364549532671,-0.00364549532671,-1.12641961349e+14,260,112,32.5889356724,1.97669219957e+29,1.42296734446e+14,0.0,0.00997230529951
-1.92055789563e+18,-4832756.86561,0.998162931951,0.0,-2.22044604925e-16,1.68933955798e+33,0.0,-1.04198892445e+15,1.19109440202e+17,3.03694243856e-16,0.00399383099808,-0.00399383099808,-7.51957694799e+15,259,113,32.5888244262,1.68933955798e+33,1.42280905357e+14,0.0,0.00992244347337
-3.67993660688e+15,-6693514.44045,0.998265594638,0.0,3.34177130412e-14,6.04870761575e+27,0.0,-2.42421107933e+12,2.30216737686e+14,2.48862705488e-16,0.0042876011112,-0.0042876011112,-1.67393759072e+13,260,114,32.5911467113,6.04870761575e+27,1.42611706139e+14,0.0,0.00994602728844
-6.03729717713e+17,-6582033.09397,0.998353171464,0.0,0.0,1.64140801215e+32,0.0,-3.41753939159e+14,3.75177814358e+16,-2.1392621413e-16,0.00423644884793,-0.00423644884793,-2.38514333172e+15,258,115,32.5934796485,1.64140801215e+32,1.42944798686e+14,0.0,0.00997201825576
-6.06962234597e+13,-7208567.93419,0.998785329944,0.0,2.4524826614e-12,2.0749887605e+24,0.0,-80578318810.4,4.36782648362e+12,3.83088109273e-19,0.00404548224864,-0.00404548224864,-496762618373.0,259,116,32.6035505695,2.0749887605e+24,1.4439165784e+14,0.0,0.00995352874404
-1.19958207001e+17,-3739812.91296,0.999095860569,0.0,9.99200722163e-16,6.44453244933e+30,0.0,-6.58029575476e+13,7.42506439576e+15,-7.34531464161e-17,0.00426998877015,-0.00426998877015,-4.64224423537e+14,260,117,32.610411265,6.44453244933e+30,1.45385691009e+14,0.0,0.00999511713314
-3.13217795857e+18,-2822293.88935,0.99873171699,0.0,0.0,4.44187852859e+33,0.0,-1.68121636565e+15,1.93875487187e+17,4.9868719421e-16,0.00383837751461,-0.00383837751461,-1.20472771707e+16,260,118,32.6021452262,4.44187852859e+33,1.441888805e+14,0.0,0.00950969749675
-4.96272672465e+24,-6937912.59749,0.998424756697,0.0,0.0,1.14392430881e+46,0.0,-2.62220792986e+21,3.07772951998e+23,2.62524997451e-14,0.00300324962922,-0.00300324962919,-1.91611070777e+22,259,119,32.5951060217,1.14392430881e+46,1.43177469433e+14,0.0,0.00641870347349
-1.15455228312e+15,-3466767.36583,0.998222185459,0.0,1.02917674383e-13,6.25850606337e+26,0.0,-710000529841.0,7.19670452444e+13,2.00186915046e-16,0.00416843976093,-0.00416843976093,-5.12748814318e+12,259,120,32.5905798697,6.25850606337e+26,1.42530890802e+14,0.0,0.00979558522353
-3.60064561519e+14,-4126745.23983,0.998232301251,0.0,2.86437540353e-13,7.27372080653e+25,0.0,-327724468395.0,2.5152766154e+13,-1.49858256906e-16,0.00286507723754,-0.00286507723754,-2.15749593283e+12,261,121,32.5906203831,7.27372080653e+25,1.42536665335e+14,0.0,0.00641412619954
-1.01746817071e+14,-2211015.44917,0.998676548734,0.0,1.38733469157e-12,9.31956914631e+24,0.0,-179067549079.0,9.14462774956e+12,2.92489590466e-16,0.00435776492472,-0.00435776492472,-1.18075523343e+12,259,122,32.6008538653,9.31956914631e+24,1.44002800796e+14,0.0,0.00973735161051
-5.78102330053e+14,-1738669.34747,0.998892365787,0.0,2.17381668222e-13,1.51963000067e+26,0.0,-402947833402.0,3.61005164434e+13,2.87656848859e-16,0.00364739629774,-0.00364739629774,-2.73163781936e+12,260,123,32.6058674496,1.51963000067e+26,1.44726583831e+14,0.0,0.00655292178801
-1.7845500455e+18,-8207796.93765,0.998797765418,0.0,2.22044604925e-16,1.40905775294e+33,0.0,-1.03326738763e+15,1.10885608494e+17,-1.50915389475e-16,0.00397854585976,-0.00397854585976,-6.91854854884e+15,258,124,32.6036945732,1.40905775294e+33,1.44412452272e+14,0.0,0.00993967593742
-2.03659663469e+14,-2836069.47386,0.99840146264,0.0,5.35016475567e-13,3.39523645372e+25,0.0,-252814638059.0,1.72681625008e+13,-2.27538074182e-17,0.00458944157438,-0.00458944157438,-1.66778867715e+12,259,125,32.5943576291,3.39523645372e+25,1.43070356565e+14,0.0,0.00989326056856
-5.56358147089e+19,-2892541.45275,0.998547770539,0.0,0.0,1.41677858047e+36,0.0,-2.96163712609e+16,3.45036103709e+18,1.2161078318e-16,0.00380693905586,-0.00380693905586,-2.14810100049e+17,259,126,32.5978591888,1.41677858047e+36,1.43572204061e+14,0.0,0.0096963155031
-2.36682517998e+16,-8112770.95474,0.998174887549,0.0,5.10702591328e-15,2.82209362377e+29,0.0,-1.86960435351e+13,1.53917045115e+15,3.45282553593e-16,0.00392771913975,-0.00392771913975,-1.26224051739e+14,260,127,32.5892498123,2.82209362377e+29,1.42341442552e+14,0.0,0.00991230186904
-4.73400125248e+41,-5512686.80096,0.998782315018,0.0,0.0,1.05221795683e+80,0.0,-2.48421607761e+38,2.94154315466e+40,3.8699905817e-14,0.00465019289712,-0.00465019289708,-1.83488420639e+39,258,128,32.6031222227,1.05221795683e+80,1.44329821382e+14,0.0,0.00991566444421
-1.02209826387e+15,-6966210.84233,0.998601752992,0.0,1.13242748512e-13,1.0599785586e+27,0.0,-1.61120962555e+12,9.54860571318e+13,4.32334542374e-17,0.00392795911252,-0.00392795911252,-1.05840057995e+13,259,129,32.5988456868,1.0599785586e+27,1.43713907644e+14,0.0,0.00993154853727
-7.7533717396e+18,-8548184.2469,0.998806212956,0.0,1.11022302463e-16,2.78536160815e+34,0.0,-4.85835353552e+15,4.8611824082e+17,6.45191170929e-17,0.00404501552172,-0.00404501552172,-3.474627451e+16,260,130,32.6035100317,2.78536160815e+34,1.44385804639e+14,0.0,0.00992588895277
-3.18598465697e+20,-3831924.8067,0.999826055363,0.0,0.0,4.64492850582e+37,0.0,-1.71411850831e+17,1.97584832384e+19,-1.75747718985e-16,0.00429597158508,-0.00429597158508,-1.23023253426e+18,259,131,32.6274276309,4.64492850582e+37,1.47880795728e+14,0.0,0.00979073096251
-1.88824781559e+15,-4840631.11974,0.999764233458,0.0,4.40758540776e-14,1.59376696585e+27,0.0,-1.04602209764e+12,1.16877717047e+14,-2.83922458194e-16,0.002980166335,-0.002980166335,-7.28199261863e+12,260,132,32.6260553163,1.59376696585e+27,1.47677995944e+14,0.0,0.00642477493186
-2.10210228011e+18,-1346237.79363,0.999893627973,0.0,0.0,1.99371657046e+33,0.0,-1.14092025775e+15,1.29620202824e+17,4.95864033595e-18,0.00392240421139,-0.00392240421139,-8.02381944982e+15,262,133,32.6288493892,1.99371657046e+33,1.48091196012e+14,0.0,0.00989661249035
-2.08153072724e+13,-4849363.07108,0.999519313527,0.0,5.90405502265e-12,2.9034761623e+23,0.0,-25861176507.5,1.61113702894e+12,-9.62274719759e-17,0.00378365976924,-0.00378365976924,-157490559904.0,259,134,32.6202867447,2.9034761623e+23,1.4682855723e+14,0.0,0.00997970997242
-4.92040187584e+16,-7344172.8013,0.999615075111,0.0,1.88737914186e-15,1.09934213013e+30,0.0,-2.65404427483e+13,3.05146365935e+15,4.46576722738e-16,0.00367089073092,-0.00367089073092,-1.90293778108e+14,259,135,32.6222843062,1.09934213013e+30,1.47122149438e+14,0.0,0.00641342763982
-3.15080272547e+20,-4489412.55962,0.999366913996,0.0,0.0,4.57280556456e+37,0.0,-1.67468077591e+17,1.9540301573e+19,4.5010873903e-16,0.00373185756199,-0.00373185756199,-1.21655462339e+18,259,136,32.6166496324,4.57280556456e+37,1.46295495259e+14,0.0,0.00646765333706
-3.86742997889e+17,-5067297.91251,0.999083630874,0.0,3.33066907388e-16,6.24054945442e+31,0.0,-2.40321951563e+14,2.39845921258e+16,-5.78928666905e-17,0.00305013479105,-0.00305013479105,-1.49340556082e+15,259,137,32.6100638149,6.24054945442e+31,1.45335185515e+14,0.0,0.00644733679724
-1.00426594242e+21,-4578911.87683,0.999535960131,0.0,0.0,4.59789570768e+38,0.0,-5.39793020286e+17,6.22813463879e+19,-3.15298704333e-16,0.00443198542519,-0.00443198542519,-3.87952946228e+18,259,138,32.6202415113,4.59789570768e+38,1.46821915826e+14,0.0,0.00998119249988
-1.62696286481e+17,-5119461.33511,0.999172816919,0.0,5.55111512313e-16,1.21383903272e+31,0.0,-8.72488482136e+13,1.01093786598e+16,-1.2749592007e-16,0.00413087766501,-0.00413087766501,-6.30617770882e+14,258,139,32.6121049593,1.21383903272e+31,1.45632138569e+14,0.0,0.00965120352255
-1.84057472575e+14,-4785461.67892,0.999259257872,0.0,5.4145576911e-13,1.59284100655e+25,0.0,-124714841291.0,1.1654850466e+13,2.33860441652e-17,0.00386317769184,-0.00386317769184,-882406220858.0,259,140,32.6142801454,1.59284100655e+25,1.45949260357e+14,0.0,0.00977987931946
-1.87823005471e+16,-4868878.9275,0.999576120424,0.0,6.43929354283e-15,1.60119862745e+29,0.0,-1.29821366796e+13,1.18459464367e+15,-3.01637328141e-16,0.00305121158646,-0.00305121158646,-8.67349664228e+13,259,141,32.6215451193,1.60119862745e+29,1.47013438856e+14,0.0,0.00966373624608
-4.7413666289e+13,-4394953.31995,1.00068275303,0.0,2.14461781667e-12,1.34405892208e+24,0.0,-45626688476.2,3.42867907358e+12,-1.78909071656e-16,0.00320767791827,-0.00320767791827,-297638921970.0,258,142,32.646667425,1.34405892208e+24,1.50753538666e+14,0.0,0.00641847022219
-7.96762514776e+13,-4821396.24932,1.00025509763,0.0,1.4064305276e-12,2.8323101985e+24,0.0,-50239656201.2,4.979744281e+12,2.63222493883e-18,0.00282509222483,-0.00282509222483,-348339998310.0,258,143,32.636869622,2.8323101985e+24,1.49283697564e+14,0.0,0.00641767296503
-1.5543595922e+13,-7591020.4338,1.0001003445,0.0,8.11395395317e-12,1.07874557326e+23,0.0,-14963246677.4,997050139472.0,-1.46263501908e-16,0.00332443765918,-0.00332443765918,-87614320707.7,258,144,32.6331838421,1.07874557326e+23,1.48734483462e+14,0.0,0.00650511367983
-3.58922316273e+15,-5760297.00681,1.00005174494,0.0,2.90878432452e-14,5.68102240654e+27,0.0,-2.1314684711e+12,2.22591396258e+14,1.56842404365e-17,0.00391243780916,-0.00391243780916,-1.39738218155e+13,259,145,32.6319455159,5.68102240654e+27,1.48550415647e+14,0.0,0.00976095100498
-329088683923.0,-5013994.32865,1.00048546584,0.0,4.25097179679e-10,1.30101506728e+20,0.0,-992021611.337,34899135646.6,2.64018055161e-16,0.0048848694945,-0.0048848694945,-5481813985.58,259,146,32.6419007514,1.30101506728e+20,1.50036655683e+14,0.0,0.0099832049325
-9.47972466636e+12,-4500593.66481,1.00080259129,0.0,1.29889432543e-11,6.72061109246e+22,0.0,-12798528144.0,770010670825.0,-2.49446130765e-16,0.00299122548174,-0.00299122548174,-80797521064.5,258,147,32.6491388168,6.72061109246e+22,1.51126570483e+14,0.0,0.00641634466242
-1.16873552841e+14,-5700882.78669,1.00076334636,0.0,1.20958798533e-12,5.88474234592e+24,0.0,-90404622622.8,7.4242976681e+12,2.03280588945e-16,0.00427303090506,-0.00427303090506,-570606218063.0,258,148,32.6480471313,5.88474234592e+24,1.50961677818e+14,0.0,0.0098491810933
-7.24491089513e+13,-4491180.56411,1.00042902619,0.0,1.25599530776e-12,2.38326508895e+24,0.0,-40852398727.3,4.50328147318e+12,-3.98961913039e-16,0.00453320185704,-0.00453320185704,-291489293765.0,258,149,32.6405904618,2.38326508895e+24,1.49840192948e+14,0.0,0.00992997380353
-7.30941483458e+14,-4777908.2191,1.00050117544,0.0,1.34003919072e-13,2.49003065877e+26,0.0,-390618398773.0,4.54169738915e+13,1.48261086602e-16,0.00415693643814,-0.00415693643814,-2.86330092132e+12,258,150,32.642325795,2.49003065877e+26,1.50100441354e+14,0.0,0.0099021462273
-7.57414214539e+12,-4458928.26724,1.00080863449,0.0,1.3934742249e-11,2.51678240895e+22,0.0,-4592167663.19,470589936553.0,3.5682436989e-16,0.00364809912084,-0.00364809912084,-31005176224.0,258,151,32.6493129477,2.51678240895e+22,1.51152888581e+14,0.0,0.00986318262961
-681162663248.0,-6840792.56308,1.00068450104,0.0,2.07879935488e-10,2.30257069209e+20,0.0,-893062929.785,45713935469.8,4.1223998388e-16,0.00343716226151,-0.00343716226151,-5073592082.72,258,152,32.6464629993,2.30257069209e+20,1.50722723918e+14,0.0,0.00648443972816
-2.02112626036e+15,-6858069.19165,1.00062373734,0.0,4.47419878924e-14,1.80668793749e+27,0.0,-1.12895638673e+12,1.25585414316e+14,1.58153472834e-16,0.00475003379279,-0.00475003379279,-7.83903366188e+12,258,153,32.6448984833,1.80668793749e+27,1.50487100176e+14,0.0,0.0099197665857
-2.28029678946e+24,-8878649.144,1.00067114626,0.0,0.0,2.40697530288e+45,0.0,-1.2059322322e+21,1.41416728702e+23,-1.82093287511e-14,0.0038820962684,-0.00388209626841,-8.80798662678e+21,259,154,32.6460528284,2.40697530288e+45,1.50660914522e+14,0.0,0.0099535147851
-1.05470833068e+14,-6765826.12457,1.00070597269,0.0,9.45354905468e-13,4.73083996868e+24,0.0,-63934794413.8,6.54771568028e+12,-2.36570808789e-16,0.0036206318079,-0.0036206318079,-429160579601.0,259,155,32.6469889673,4.73083996868e+24,1.50802020101e+14,0.0,0.00988068738873
-7.11697042066e+15,-9558612.28652,1.00080164324,0.0,1.33226762955e-14,2.2555925021e+28,0.0,-3.9533134536e+12,4.41366899399e+14,5.27506912919e-17,0.00426776766018,-0.00426776766018,-2.76040871787e+13,259,156,32.6492849408,2.2555925021e+28,1.51148655317e+14,0.0,0.00983977705286
-1.95993880344e+14,-9928371.66402,1.00081857116,0.0,5.3967941227e-13,1.65251496789e+25,0.0,-121076951447.0,1.21632204326e+13,4.720763407e-16,0.00464458321336,-0.00464458321336,-809385329137.0,259,157,32.6497506872,1.65251496789e+25,1.51219068665e+14,0.0,0.00988467456203
-1.19634043214e+12,-8218938.79525,1.00060699252,0.0,1.00420005644e-10,1.1299459445e+21,0.0,-1915863129.8,99783480584.5,2.99129121591e-17,0.004270755348,-0.004270755348,-11410974414.6,259,158,32.6449681234,1.1299459445e+21,1.50497580469e+14,0.0,0.00994092493899
-7.63039430139e+14,-14523827.1577,1.00059860718,0.0,1.44328993201e-13,3.15526986678e+26,0.0,-710839025871.0,5.38448636978e+13,-1.23778477326e-17,0.00317137809733,-0.00317137809733,-4.56433602234e+12,259,159,32.6447683415,3.15526986678e+26,1.50467516781e+14,0.0,0.0064466045326
-2.44194609025e+14,-4770231.63868,0.999783534387,0.0,4.0845105076e-13,2.6963037309e+25,0.0,-132234899921.0,1.51149176418e+13,1.47924425694e-16,0.00319448461895,-0.00319448461895,-943539509905.0,260,160,32.6263175806,2.6963037309e+25,1.47716731691e+14,0.0,0.00640179186582
-1.34975029327e+13,-8164830.51708,0.999913281888,0.0,8.17301781808e-12,7.66751332723e+22,0.0,-9404958236.19,839591281959.0,3.80066334509e-17,0.00401657663825,-0.00401657663825,-58786909174.8,260,161,32.6293186373,7.66751332723e+22,1.4816070383e+14,0.0,0.00644329419773
-9.80294087958e+17,-11822969.7603,1.00021590385,0.0,3.33066907388e-16,4.08242768815e+32,0.0,-6.12654808855e+14,6.09120527475e+16,1.75553025607e-18,0.00652866681392,-0.00652866681392,-3.79959761697e+15,258,162,32.636249616,4.08242768815e+32,1.49191169458e+14,0.0,0.00961826486993
-1.28761975211e+12,-3294323.43066,1.00010025762,0.0,1.06871622663e-10,7.19894713116e+20,0.0,-1614279482.07,82359020839.9,1.97822757452e-16,0.00485329432192,-0.00485329432192,-8401964169.44,260,163,32.6336318837,7.19894713116e+20,1.4880113764e+14,0.0,0.00948676755709
-759074602607.0,-6893205.2249,0.999774974162,0.0,1.4181045227e-10,5.0955840365e+20,0.0,-1169999786.62,65492510870.1,-9.5589385844e-17,0.00345573926906,-0.00345573926906,-6882566594.32,259,164,32.6260606065,5.0955840365e+20,1.47678777192e+14,0.0,0.00999282265113
-1.04333479313e+14,-17628467.195,0.999854055826,0.0,1.09023901018e-12,4.95182170183e+24,0.0,-67068562807.4,6.49221607279e+12,1.96816393215e-16,0.0036452303073,-0.00364523030729,-473465354586.0,259,165,32.628021477,4.95182170183e+24,1.47968640244e+14,0.0,0.00995348090335
-8.15615461236e+12,-1432602.07463,1.00021230678,0.0,1.58881796608e-11,4.86100776921e+22,0.0,-10183034828.0,654377353435.0,-1.34897479652e-16,0.00402564496525,-0.00402564496525,-66689818016.3,259,166,32.6361781415,4.86100776921e+22,1.4918050647e+14,0.0,0.00991672149966
-4.10492362392e+15,-5820038.00664,1.00020488772,0.0,2.53130849615e-14,7.8497981502e+27,0.0,-2.18360700023e+12,2.54090292843e+14,-3.77319773464e-16,0.00321738152183,-0.00321738152183,-1.59698856361e+13,260,167,32.6357332651,7.8497981502e+27,1.49114154351e+14,0.0,0.00640348877501
-3.34263347215e+13,-1604219.50403,1.00029947189,0.0,3.2911451342e-12,4.95841132207e+23,0.0,-25389186537.6,2.11238728645e+12,2.36522147613e-17,0.00326140249909,-0.00326140249909,-168990135016.0,259,168,32.6378809804,4.95841132207e+23,1.49434753257e+14,0.0,0.00643145952883
-1.56646233828e+14,-802637.397885,1.00018494643,0.0,6.08957329007e-13,1.08980766138e+25,0.0,-91137491415.2,9.68199717223e+12,-1.6827064781e-17,0.00387800585724,-0.00387800585724,-623893960194.0,261,169,32.6351881795,1.08980766138e+25,1.4903289652e+14,0.0,0.00993496007645
-2.05199086193e+18,-14862773.4824,1.000724696,0.0,0.0,1.90624381767e+33,0.0,-1.11366069518e+15,1.27258121363e+17,-9.74290981536e-18,0.00300970813182,-0.00300970813182,-7.92276159462e+15,259,170,32.647660449,1.90624381767e+33,1.50903314904e+14,0.0,0.00641899589008
-4.16098609424e+17,-21488426.3634,1.00080330077,0.0,2.22044604925e-16,7.81458123265e+31,0.0,-2.35459701846e+14,2.58051478877e+16,1.41647364586e-16,0.00327257615621,-0.00327257615621,-1.60655927555e+15,259,171,32.6494994839,7.81458123265e+31,1.511810867e+14,0.0,0.0064809163072
-3.29285738603e+13,-24290772.1367,1.00077361565,0.0,2.33946195749e-12,4.83080964545e+23,0.0,-20728940724.8,2.04605256723e+12,1.54990976066e-16,0.00522156931056,-0.00522156931056,-130496252703.0,258,172,32.6486019965,4.83080964545e+23,1.51045464452e+14,0.0,0.00989432548594
-1.16152813906e+18,-25823937.1105,1.00032380376,0.0,2.22044604925e-16,6.23296446216e+32,0.0,-6.21900415141e+14,7.21733043381e+16,-4.56534072847e-16,0.00399611552797,-0.00399611552797,-4.50205215669e+15,258,173,32.6382576998,6.23296446216e+32,1.49491058832e+14,0.0,0.00989734886807
-2.32168979372e+15,-3259460.64492,1.00022577098,0.0,4.17443857259e-14,2.33117809031e+27,0.0,-1.30576065637e+12,1.43705802886e+14,-1.06032761475e-16,0.00374598703041,-0.00374598703041,-8.98002306436e+12,260,174,32.636034725,2.33117809031e+27,1.49159113066e+14,0.0,0.00651010430437
-1.35452315288e+14,-17880329.4751,1.00000144612,0.0,7.4928951932e-13,9.96115469841e+24,0.0,-124681679757.0,9.07556549128e+12,1.90423691802e-16,0.00442922914789,-0.00442922914789,-764723304000.0,258,175,32.6306253882,9.96115469841e+24,1.48354439512e+14,0.0,0.00983625991078
-5.17717980589e+17,-27267196.5381,0.999743979499,0.0,1.11022302463e-16,1.24300523274e+32,0.0,-2.73066941464e+14,3.21072667095e+16,-4.37495776658e-17,0.0031310085749,-0.0031310085749,-1.99891317601e+15,259,176,32.6245859202,1.24300523274e+32,1.47461157816e+14,0.0,0.00998634357242
-7.59750315321e+13,-26734479.5815,1.00022407802,0.0,1.40287781392e-12,2.58637848714e+24,0.0,-43260461954.4,4.72116664073e+12,1.17822707509e-16,0.00372064201978,-0.00372064201978,-300937456684.0,258,177,32.6355727893,2.58637848714e+24,1.49090227052e+14,0.0,0.00994469940324
-883355422084.0,-22317478.9084,1.00027820085,0.0,1.19840248836e-10,3.1679712485e+20,0.0,-1082443977.78,54801468570.3,-1.66866222903e-16,0.00425993221429,-0.00425993221429,-4735996386.0,259,178,32.6367068922,3.1679712485e+20,1.49259406634e+14,0.0,0.00990058904139
-1.66502235445e+15,-3045467.09752,0.999972525273,0.0,5.46229728116e-14,1.17536579235e+27,0.0,-968219664412.0,1.03259202932e+14,-4.35276279803e-16,0.00330902452444,-0.00330902452444,-6.43433929725e+12,259,179,32.6294888358,1.17536579235e+27,1.48185922708e+14,0.0,0.0064529048174
-9.21952070183e+12,-28517350.3426,0.999942107329,0.0,1.25915944338e-11,6.08847197749e+22,0.0,-10019345764.9,726466251692.0,-9.92830607614e-17,0.00452331271303,-0.00452331271303,-67426896729.8,258,180,32.6289022762,6.08847197749e+22,1.48099028316e+14,0.0,0.0099865496648
-2.545370699e+15,-3680129.78352,1.00009231318,0.0,3.78586051397e-14,2.91572149639e+27,0.0,-1.53152204859e+12,1.58187653784e+14,-1.1272036579e-16,0.00446157425012,-0.00446157425012,-1.07118053493e+13,260,181,32.6326125493,2.91572149639e+27,1.48649536799e+14,0.0,0.0099772111536
-1.61223397154e+16,-19134513.1932,0.999852084709,0.0,6.55031584529e-15,1.12512038356e+29,0.0,-9.30490883239e+12,9.99886606986e+14,-5.2850310169e-17,0.00381452555586,-0.00381452555586,-6.30459198093e+13,259,182,32.6272414951,1.12512038356e+29,1.47853272383e+14,0.0,0.00951983418404
-1.24874604131e+13,-20742749.1009,0.999944531808,0.0,9.79016867575e-12,6.34465005208e+22,0.0,-9762622629.92,778599654080.0,-5.05934755489e-16,0.00347622711416,-0.00347622711416,-58994898982.1,258,183,32.6294168599,6.34465005208e+22,1.48175257277e+14,0.0,0.00644911506581
-2.64465226581e+14,-18396042.0236,1.00015519442,0.0,3.98348021236e-13,3.13168682306e+25,0.0,-145627257461.0,1.64012148402e+13,-7.03685036283e-17,0.00350135235887,-0.00350135235887,-1.0227120644e+12,259,184,32.6343819945,3.13168682306e+25,1.48912796852e+14,0.0,0.00987525790782
-1.49418455904e+49,-20200607.6669,1.00036461894,0.0,0.0,1.05426381491e+95,0.0,-7.73113037629e+45,9.24870182467e+47,1.89206352652e-14,0.00430932899946,-0.00430932899944,-5.74686368861e+46,260,185,32.6392018659,1.05426381491e+95,1.49632269868e+14,0.0,0.00936932237619
-2.31283543908e+14,-19338912.0004,1.00019469105,0.0,5.0270898555e-13,3.21425091718e+25,0.0,-216329128038.0,1.66215211408e+13,-3.49225105413e-16,0.00404860860219,-0.00404860860219,-1.51241069056e+12,259,186,32.635422271,3.21425091718e+25,1.49067787934e+14,0.0,0.00985119379902
-9.9296846587e+12,-1361464.9984,1.0001715483,0.0,1.12407860797e-11,5.97476315035e+22,0.0,-9391493441.91,711826586598.0,-4.63569136024e-16,0.00288671688096,-0.00288671688096,-64332390307.7,260,187,32.6347449804,5.97476315035e+22,1.48966859901e+14,0.0,0.00646002105878
-80794229708.2,-11124192.6126,0.999875821444,0.0,1.00950481308e-09,6.82093880696e+18,0.0,-741100090.797,7718540459.21,-3.40166760189e-16,0.00378741226633,-0.00378741226633,-2575743011.2,259,188,32.627726015,6.82093880696e+18,1.47924927598e+14,0.0,0.006420616258
-1.39587388611e+24,-26851090.05,1.00002189932,0.0,0.0,8.99735348246e+44,0.0,-7.44512411649e+20,8.6734731477e+22,-1.80866240957e-14,0.0040125965628,-0.00401259656282,-5.41036389967e+21,258,189,32.631071369,8.99735348246e+44,1.48420617508e+14,0.0,0.0099873392982
-1.23505538873e+17,-17345965.3984,1.00013724162,0.0,6.66133814775e-16,6.93560288805e+30,0.0,-6.77379437127e+13,7.65950042367e+15,2.91717654684e-16,0.0044684880753,-0.0044684880753,-4.81458586787e+14,259,190,32.6336963895,6.93560288805e+30,1.48810736483e+14,0.0,0.00999345444576
-9.27746580727e+16,-15847209.1035,1.00002761624,0.0,1.33226762955e-15,3.90626427664e+30,0.0,-5.05384297282e+13,5.7646873908e+15,4.42895930976e-16,0.00383669032814,-0.00383669032814,-3.59690602922e+14,258,191,32.6312421568,3.90626427664e+30,1.48445968099e+14,0.0,0.00650697330848
-4.12544808447e+14,-5062773.60922,0.999765470315,0.0,2.46802578374e-13,7.64898991853e+25,0.0,-225717115060.0,2.55355614187e+13,2.25725372798e-16,0.00374610067211,-0.00374610067211,-1.58884555192e+12,260,192,32.6254146873,7.64898991853e+25,1.47583419437e+14,0.0,0.00989935794673
-1.5260787284e+17,-3468471.18492,0.999403902908,0.0,6.66133814775e-16,1.02595381772e+31,0.0,-9.71218501124e+13,9.4994545207e+15,-2.64836705104e-16,0.0034667599814,-0.0034667599814,-6.65133617555e+14,259,193,32.6170759955,1.02595381772e+31,1.46357883566e+14,0.0,0.0064104830853
-5.30188023038e+14,-11426014.6365,0.999255936014,0.0,1.90625293328e-13,1.26040049725e+26,0.0,-290945189815.0,3.28805081512e+13,-2.29244409803e-16,0.00362987323961,-0.00362987323961,-2.04886908724e+12,259,194,32.6137741509,1.26040049725e+26,1.45875429511e+14,0.0,0.00640480915105
-3.66571858961e+12,-5918631.35296,0.999248377351,0.0,3.35133032436e-11,6.11560670032e+21,0.0,-3049536773.33,230742772175.0,2.59200728072e-16,0.00302233698994,-0.00302233698994,-18944478428.2,259,195,32.6136991707,6.11560670032e+21,1.45864492154e+14,0.0,0.0064057722196
-7.6613568469e+21,-18712427.5537,0.999010059973,0.0,0.0,2.7324017088e+40,0.0,-4.03685511508e+18,4.75133640015e+20,-1.55797766933e-15,0.00406547271096,-0.00406547271096,-2.95805284087e+19,259,196,32.6081933173,2.7324017088e+40,1.45063590493e+14,0.0,0.00992740394241
-3.25448551859e+14,-26928125.5356,0.999033568321,0.0,3.7692071686e-13,5.07711195568e+25,0.0,-232872002518.0,2.06836413071e+13,1.90777797927e-16,0.00288449799911,-0.00288449799911,-1.658026753e+12,258,197,32.6090178683,5.07711195568e+25,1.45183252146e+14,0.0,0.00643488461001
-3.31297725062e+14,-4023375.49883,0.998728834188,0.0,2.92543766989e-13,4.92690094196e+25,0.0,-195195253653.0,2.05456449423e+13,-4.54909939749e-16,0.00314477820137,-0.00314477820137,-1.28964384929e+12,259,198,32.6018688164,4.92690094196e+25,1.441490308e+14,0.0,0.0064310946472
-1.72879895825e+13,-13702758.6151,0.998034149525,0.0,5.30686605771e-12,1.37487304906e+23,0.0,-9936974601.2,1.07203720492e+12,-1.1173512752e-16,0.00366483545577,-0.00366483545577,-69332732952.9,259,199,32.5859917943,1.37487304906e+23,1.41878446208e+14,0.0,0.00998951762845
