NumTrajs,vf_LossBefore,AveragePolicyStd,Entropy,LossBefore,Perplexity,AverageReturn,AverageDiscountedReturn,MeanKL,MaxReturn,ExplainedVariance,MeanKLBefore,vf_LossAfter,Iteration,vf_MeanKL,StdReturn,dLoss,vf_dLoss,LossAfter,MinReturn
260,718296315.396,1.0,32.6355862637,-1.51070663083e-16,1.4909223597e+14,-86159.6402783,-23744.8714605,0.00988677699251,-34332.5885083,-2.98189929637e-06,0.0,718296315.396,1,0.0,44061.8787647,0.00451993405721,0.0,-0.00451993405721,-279595.036143
259,795818863.857,0.999680813415,32.6282269456,2.45127813371e-16,1.47999046277e+14,-87154.2238321,-23925.3703214,0.00990045539742,-28437.5561545,-2.36317386904e-06,0.0,795818863.857,2,0.0,51815.3789239,0.00517922191256,0.0,-0.00517922191256,-396126.084088
259,578515828.398,0.999482810909,32.6236570348,-3.81252301286e-16,1.47324246895e+14,-76059.6159093,-21252.3922006,0.00983392565912,-23237.9450657,-3.65693345672e-06,0.0,578515828.398,3,0.0,42400.2290271,0.00379547479296,0.0,-0.00379547479296,-298068.964183
259,563659749.378,0.999030317128,32.6131887453,-4.35683235521e-16,1.4579005821e+14,-73636.045318,-20615.8061331,0.00641649989742,-23322.7166755,-5.62627387413e-06,0.0,563659749.378,4,0.0,43849.8069178,0.0029732752316,0.0,-0.00297327523161,-286097.107686
259,459058923.426,0.998819821175,32.6083244417,-3.96765417603e-17,1.45082613115e+14,-67779.7282595,-19183.0950528,0.00646385915881,-27829.8389471,-3.48306701592e-06,0.0,459058923.426,5,0.0,38222.7130741,0.00306827821885,0.0,-0.00306827821885,-382511.546745
259,382311517.353,0.998845299773,32.6088703365,4.20564484139e-16,1.45161834581e+14,-63691.6702168,-18214.5272009,0.00648757001944,-23504.539164,-5.46268988333e-06,0.0,382311517.353,6,0.0,32233.8745382,0.00356662256658,0.0,-0.00356662256658,-294825.528904
259,303596267.873,0.998494570053,32.6007245012,2.47789776685e-16,1.43984173208e+14,-58621.4626422,-16893.9261781,0.00643542317859,-32602.9629739,-7.14235670651e-06,0.0,303596267.873,7,0.0,26037.4497362,0.00360186797295,0.0,-0.00360186797295,-245407.831167
259,256929144.543,0.99892079978,32.6104911187,3.25861174166e-16,1.45397301069e+14,-56573.1269968,-16480.8460869,0.00643245731004,-30970.2082256,-4.42504522291e-06,0.0,256929144.543,8,0.0,19346.1401245,0.00336462105331,0.0,-0.00336462105331,-176148.232885
259,260441640.948,0.998408376113,32.5986876963,1.74986580352e-16,1.43691204002e+14,-55729.9423028,-16410.0991449,0.00956973788088,-28362.9958466,-7.53447729096e-06,0.0,260441640.948,9,0.0,22546.0199764,0.00385570859371,0.0,-0.00385570859371,-233250.286998
259,238746343.277,0.998169088128,32.5931032523,-2.78095864655e-16,1.42891004935e+14,-54110.6554192,-15842.0145011,0.00643709662877,-30649.4814085,-4.85447041521e-06,0.0,238746343.277,10,0.0,20194.6030642,0.00399072166408,0.0,-0.00399072166408,-181411.678697
259,216900896.961,0.998551147928,32.6018716081,3.49733112483e-16,1.44149433216e+14,-51521.1364112,-15238.9482999,0.00644453942676,-28827.7302744,-7.89690425829e-06,0.0,216900896.961,11,0.0,19894.3939941,0.00323438453436,0.0,-0.00323438453436,-264314.268289
259,235749108.687,0.998576739223,32.6023940166,-2.04268176805e-16,1.44224757775e+14,-52383.6147845,-15281.3784229,0.00661327759513,-25566.0963485,-6.61764127541e-06,0.0,235749108.687,12,0.0,22324.5185579,0.00353986404848,0.0,-0.00353986404848,-212240.319966
260,216030227.427,0.99847072525,32.5999763389,2.56275289245e-16,1.43876489969e+14,-50532.4946668,-14861.6612609,0.00998609874797,-27158.2656923,-9.46294460036e-06,0.0,216030227.427,13,0.0,20637.702926,0.0042310884994,0.0,-0.0042310884994,-231009.049485
259,175028786.08,0.998340202833,32.59692011,1.72543232383e-16,1.43437441735e+14,-46834.1744975,-14134.8635634,0.00651384539519,-27077.8845062,-1.0917033578e-05,0.0,175028786.08,14,0.0,16999.75131,0.00337933200062,0.0,-0.00337933200062,-176300.631789
259,194903887.385,0.99844157799,32.5992848963,-6.75504268566e-16,1.43777042023e+14,-48720.1620692,-14556.5993578,0.00994562221292,-24714.7501921,-1.09619979056e-05,0.0,194903887.385,15,0.0,18775.3018597,0.00398539776018,0.0,-0.00398539776018,-198021.90921
259,153014115.44,0.997884975757,32.5863315994,1.83774059891e-16,1.41926665423e+14,-44985.7578414,-13661.5121915,0.00975358337938,-27450.88654,-1.5105233969e-05,0.0,153014115.44,16,0.0,13405.4211633,0.0040413044188,0.0,-0.0040413044188,-155825.607506
259,150555918.209,0.998128283973,32.5919832975,7.51908188222e-17,1.42731063043e+14,-44276.3509136,-13560.3288373,0.00650458212367,-25940.9890743,-2.03638679142e-05,0.0,150555918.209,17,0.0,14938.4928868,0.00320367722328,0.0,-0.00320367722328,-143196.885206
259,147508379.008,0.998139579565,32.5921352243,-2.7180317199e-16,1.42752749362e+14,-43933.9310773,-13276.6815627,0.00987267068867,-22610.8112161,-1.28324633366e-05,0.0,147508379.008,18,0.0,13618.9963577,0.00422676226892,0.0,-0.00422676226892,-123411.859212
259,120301107.888,0.99789035832,32.5863973654,-1.64604494771e-16,1.41935999669e+14,-40719.4113053,-12527.5972454,0.00998072736607,-24775.0610746,-1.45962827323e-05,0.0,120301107.888,19,0.0,10255.1448649,0.00418173266264,0.0,-0.00418173266264,-90458.4534695
259,119507027.977,0.997527058761,32.5779611322,3.7020579652e-16,1.40743631103e+14,-40264.0533546,-12489.9199361,0.00999002996543,-23963.7056085,-2.25047917679e-05,0.0,119507027.977,20,0.0,11483.293855,0.00477193157884,0.0,-0.00477193157884,-105124.242987
259,105335087.18,0.997296970021,32.5725675501,-6.80365245052e-17,1.39986562263e+14,-37225.5879031,-11604.0136807,0.0099014602229,-23259.4839342,-2.14391636071e-05,0.0,105335087.18,21,0.0,12487.6139423,0.00431347465704,0.0,-0.00431347465704,-123347.509708
259,101781370.799,0.997086430308,32.5676641997,-2.64618871645e-16,1.39301839184e+14,-36089.6737635,-11206.1368775,0.00656114533072,-21897.8326192,-2.10894329864e-05,0.0,101781370.799,22,0.0,13293.3419606,0.00311564840073,0.0,-0.00311564840073,-152230.796502
259,86812505.346,0.99713465716,32.5686727528,-1.30646244573e-16,1.39442403363e+14,-34420.7339834,-10894.0278633,0.00657778907805,-21897.13241,-2.87534662764e-05,0.0,86812505.346,23,0.0,10455.0163378,0.00407123939006,0.0,-0.00407123939006,-140098.46769
259,70804806.9024,0.996983626624,32.5651723483,-2.51536243571e-17,1.38955151836e+14,-32041.9271529,-10321.7436977,0.00994289157667,-20848.7852184,-4.9546397368e-05,0.0,70804806.9024,24,0.0,7071.69773088,0.00435962325378,0.0,-0.00435962325378,-66615.9915011
259,58090478.9379,0.996929705073,32.5639900964,2.84885800064e-17,1.38790968911e+14,-29345.3376406,-9649.57730162,0.00996369178948,-21274.1000662,-6.39249141012e-05,0.0,58090478.9379,25,0.0,6415.27145153,0.00456118752284,0.0,-0.00456118752284,-57845.7146355
259,46890365.1941,0.997130771039,32.5686075186,1.59743518284e-16,1.39433307247e+14,-26869.0967521,-9040.23866955,0.0099130272597,-19550.0464226,-9.1313227726e-05,0.0,46890365.1941,26,0.0,4710.36717075,0.00463388686637,0.0,-0.00463388686637,-44962.1012844
259,48729308.5318,0.996827265143,32.5616842681,2.97359734433e-16,1.38471309447e+14,-26592.3622981,-8869.89747058,0.00990273050998,-19043.8437887,-6.71073331282e-05,0.0,48729308.5318,27,0.0,7054.78267167,0.00339692804507,0.0,-0.00339692804507,-113540.533872
259,42970112.1459,0.996220865169,32.5477536869,2.66839317695e-16,1.36555697396e+14,-25700.1935259,-8551.52602084,0.00995340708598,-19057.212938,-9.25044532645e-05,0.0,42970112.1459,28,0.0,4095.63978233,0.00474610870162,0.0,-0.00474610870162,-52257.2259887
259,45467371.8432,0.996314437228,32.5499180531,2.80419188513e-16,1.36851574011e+14,-25504.9562661,-8559.79258104,0.00644922924681,-18997.8519212,-6.70006753367e-05,0.0,45467371.8432,29,0.0,7224.15908555,0.00383697332128,0.0,-0.00383697332128,-112951.00945
259,44456209.799,0.996077888129,32.5444199936,-1.49520035992e-16,1.36101220551e+14,-24107.6175117,-8099.76062514,0.006402950327,-17522.6624946,-4.83028662031e-05,0.0,44456209.799,30,0.0,9488.13763446,0.00317657612932,0.0,-0.00317657612932,-164688.885546
259,35618777.8278,0.996041642562,32.5434123541,4.67296728983e-16,1.35964148659e+14,-23370.2519076,-7916.68329644,0.00643994520575,-17032.6107428,-0.0001069219126,0.0,35618777.8278,31,0.0,4465.02633731,0.00386883139555,0.0,-0.00386883139555,-66402.1660442
259,33168317.2196,0.995581736849,32.5327580623,-3.38245090452e-16,1.34523236526e+14,-22691.5101597,-7712.93331063,0.00904197027156,-16305.0986181,-0.000119586229317,0.0,33168317.2196,32,0.0,3810.3137542,0.00420217760345,0.0,-0.00420217760345,-43971.7402963
259,29688430.1564,0.995072751971,32.5210181919,-3.22453346735e-16,1.32953185289e+14,-21695.8096567,-7537.55885018,0.00643711077484,-16212.8861767,-0.000155364340101,0.0,29688430.1564,33,0.0,3527.88674551,0.00351875978441,0.0,-0.00351875978441,-46423.5179472
259,30246710.0782,0.995267342277,32.5254401637,2.34792880119e-16,1.33542402313e+14,-21815.9884201,-7578.49901917,0.0095490287478,-16472.8190722,-0.00014461960989,0.0,30246710.0782,34,0.0,3804.246845,0.00464165553688,0.0,-0.00464165553688,-39731.2877804
259,28107117.7583,0.995255430516,32.5251985215,-1.97096736186e-16,1.33510136732e+14,-21194.7360056,-7401.77752296,0.00646487876434,-16172.7075768,-0.000174837394909,0.0,28107117.7583,35,0.0,3208.55570187,0.00329575419431,0.0,-0.00329575419431,-35453.3906542
259,26522147.6555,0.994662068955,32.5116319935,4.83611434897e-17,1.31711098666e+14,-20570.9304276,-7201.12215993,0.00647469068789,-15970.4356103,-0.000173972502452,0.0,26522147.6555,36,0.0,3224.59560589,0.00365785190667,0.0,-0.00365785190667,-36854.7827109
259,25166175.8994,0.994331790975,32.503915192,-1.4687521898e-16,1.30698621839e+14,-20152.0084304,-7095.25111801,0.00996071036973,-15487.8814589,-0.000192197471457,0.0,25166175.8994,37,0.0,2670.95381225,0.00407278428536,0.0,-0.00407278428536,-37536.9533262
259,24299738.2782,0.994279612437,32.5027728004,2.00748898414e-16,1.30549398075e+14,-19940.0911672,-7100.57727381,0.00985176967906,-15779.1589356,-0.000219078575917,0.0,24299738.2782,38,0.0,2371.3389454,0.0034165898315,0.0,-0.0034165898315,-28438.1439276
259,24077078.5687,0.993699997266,32.4892600554,3.95488018139e-16,1.28797182637e+14,-19751.3703972,-7034.59184098,0.00656424317501,-16024.8363812,-0.000206445618538,0.0,24077078.5687,39,0.0,2969.34700809,0.00390925881398,0.0,-0.00390925881398,-45809.2799381
259,26358254.5006,0.994112156999,32.4985232064,1.53888056309e-17,1.29995793272e+14,-20315.3289641,-7187.67693189,0.00989512405872,-15696.2816695,-0.000156330260275,0.0,26358254.5006,40,0.0,4149.38439523,0.00446357796818,0.0,-0.00446357796818,-60041.5233906
259,22895871.2661,0.993767250794,32.4904891799,-1.13071285496e-16,1.28955587738e+14,-19425.7590609,-6968.38675404,0.00997038385169,-15636.8175015,-0.000233770368686,0.0,22895871.2661,41,0.0,2330.4878257,0.0049441585986,0.0,-0.0049441585986,-29108.0468195
259,23703012.9698,0.993938771489,32.4943903469,2.03663769676e-16,1.29459647588e+14,-19655.0187548,-6957.35405255,0.00996393659653,-15911.7527408,-0.000215851972519,0.0,23703012.9698,42,0.0,2284.04878051,0.00442253451959,0.0,-0.00442253451959,-31577.8548387
259,22727715.1689,0.994191398436,32.5001761406,2.99408717467e-16,1.30210845442e+14,-19217.5143592,-6838.21151444,0.00643958836672,-15412.314303,-0.000214619971108,0.0,22727715.1689,43,0.0,2442.78378233,0.00332424307448,0.0,-0.00332424307448,-30895.2511679
259,21708778.5129,0.992502233569,32.4607343773,-2.27402824156e-16,1.25175062984e+14,-18902.1014647,-6800.95372678,0.00756327703049,-14498.3191836,-0.000236195733266,0.0,21708778.5129,44,0.0,2333.98043699,0.00309640643312,0.0,-0.00309640643312,-30019.9615674
259,22099556.5412,0.992537464994,32.4613294612,-1.09822061355e-17,1.2524957481e+14,-18939.5787048,-6761.62137374,0.00664142089429,-14918.3045962,-0.000230067898924,0.0,22099556.5412,45,0.0,2754.73217155,0.00364841450843,0.0,-0.00364841450843,-39473.4429097
259,20666744.8636,0.992517758705,32.4607527153,4.68668433106e-16,1.25177358468e+14,-18392.6294941,-6569.89771909,0.00644973068428,-15314.2304244,-0.000237426168456,0.0,20666744.8636,46,0.0,2105.3315107,0.00296177886432,0.0,-0.00296177886432,-28396.972782
259,20674519.4533,0.991959496896,32.447755621,-4.0553575084e-16,1.23560943635e+14,-18353.5085828,-6521.8448888,0.00653180080423,-14842.0361129,-0.000245433969824,0.0,20674519.4533,47,0.0,2052.87108735,0.00294487870114,0.0,-0.00294487870114,-27481.1774088
259,20371323.5572,0.991930539351,32.447047274,-4.69842954761e-16,1.23473450606e+14,-18279.2551051,-6560.01178886,0.0095372801235,-14823.7612592,-0.00025378049286,0.0,20371323.5572,48,0.0,2103.66275496,0.00415648673257,0.0,-0.00415648673257,-28045.8828555
259,20901988.8491,0.991777984934,32.4433811324,-2.63118570261e-16,1.23021608211e+14,-18321.7129013,-6511.58239031,0.00996211281654,-15099.0347571,-0.000219517185689,0.0,20901988.8491,49,0.0,2773.84395035,0.00422193983868,0.0,-0.00422193983868,-40481.75145
259,21787642.2507,0.991903379505,32.4460226575,-4.01935027517e-16,1.23347002464e+14,-18307.3597599,-6463.00982702,0.00990958596125,-14456.0116237,-0.000151812808977,0.0,21787642.2507,50,0.0,4015.81784132,0.00369672545785,0.0,-0.00369672545785,-71177.1869312
259,21858644.7931,0.990258341382,32.4077628371,1.11279496986e-17,1.18716906405e+14,-18582.8555209,-6582.23819527,0.00993751049438,-14604.40253,-0.000194126110452,0.0,21858644.7931,51,0.0,3363.70178243,0.00363560839565,0.0,-0.00363560839565,-45718.4486466
259,19358476.4829,0.990290909026,32.4081283334,-7.23565351779e-16,1.18760304925e+14,-17789.4016999,-6348.96820592,0.00999118074812,-14468.0848816,-0.000256899957828,0.0,19358476.4829,52,0.0,1991.36947917,0.00348733352439,0.0,-0.00348733352439,-28278.1397918
259,19843466.508,0.98984346366,32.3976698538,-3.04106804089e-16,1.17524725099e+14,-17833.1779882,-6282.75789321,0.00661224001551,-14400.4433115,-0.000215386632786,0.0,19843466.508,53,0.0,2300.91191782,0.00332444301444,0.0,-0.00332444301444,-27383.3458816
259,18244392.6326,0.989558314935,32.3909000982,2.38162128371e-16,1.16731798432e+14,-17237.9714989,-6132.59266256,0.00658862549177,-14057.4488582,-0.000261077029744,0.0,18244392.6326,54,0.0,1759.18400325,0.00380569737402,0.0,-0.00380569737402,-25895.3319655
259,18005994.4329,0.989795925842,32.3961949873,-3.23207784003e-18,1.17351519581e+14,-17121.1521999,-6108.53552435,0.00996257229016,-13905.7323379,-0.000280736091431,0.0,18005994.4329,55,0.0,1849.94946592,0.00378726415197,0.0,-0.00378726415197,-27154.8679584
259,19233601.6861,0.990239861433,32.4066840904,1.69474044408e-16,1.18588909985e+14,-17478.956126,-6149.2095307,0.0098981173364,-13568.4273223,-0.000221426210316,0.0,19233601.6861,56,0.0,2635.1478457,0.00486029856226,0.0,-0.00486029856226,-35193.3042973
259,17643808.1112,0.990355436287,32.4093074135,-1.57514499084e-16,1.18900415425e+14,-16910.3380244,-6021.05553836,0.00667595727218,-12156.1564845,-0.000266368770721,0.0,17643808.1112,57,0.0,2149.34337532,0.00342905105526,0.0,-0.00342905105526,-27614.6276154
259,18005938.7945,0.990458896137,32.4117634361,2.8317116991e-16,1.19192796431e+14,-16972.0959693,-5970.95585281,0.00641538091918,-12084.0651597,-0.000259650794837,0.0,18005938.7945,58,0.0,2226.7622517,0.0028481420738,0.0,-0.0028481420738,-28232.3914067
259,17238349.4476,0.98923210764,32.3830843183,-1.15986156758e-16,1.15823004476e+14,-16629.5870484,-5868.44354572,0.00656020308735,-13292.3266334,-0.000256600828811,0.0,17238349.4476,59,0.0,2163.04741079,0.00389966448079,0.0,-0.00389966448079,-27616.3712152
259,17187441.4844,0.989170677972,32.3818003045,2.67199390027e-16,1.15674381575e+14,-16598.8242316,-5875.73072036,0.00955122454102,-12132.209962,-0.000242163601576,0.0,17187441.4844,60,0.0,2342.00924107,0.00385138060919,0.0,-0.00385138060919,-32669.349073
259,16980784.5956,0.988830684485,32.3740683707,-5.26048531205e-16,1.1478344369e+14,-16383.1272728,-5749.49791035,0.00994082900113,-11865.4442601,-0.000227831809415,0.0,16980784.5956,61,0.0,2497.99817942,0.00419926535196,0.0,-0.00419926535196,-36507.3364111
259,15027267.1917,0.988719905731,32.3714112802,1.48418386118e-16,1.14478858527e+14,-15614.5769373,-5575.97810333,0.00995415620638,-11569.3445293,-0.000282695096396,0.0,15027267.1917,62,0.0,1932.36190961,0.00538225187549,0.0,-0.00538225187549,-25739.5297687
259,13706728.225,0.988981688523,32.3774531374,-1.58440399368e-16,1.15172617124e+14,-14879.1111341,-5298.38608571,0.00674899478765,-11134.2628547,-0.000307839276196,0.0,13706728.225,63,0.0,1880.16746165,0.00368930434313,0.0,-0.00368930434313,-22702.3287746
259,13763785.6608,0.988804747308,32.3733475592,3.05615678624e-16,1.14700736273e+14,-14958.2450469,-5360.58158187,0.0065702114853,-11170.5185452,-0.000340119672314,0.0,13763785.6608,64,0.0,1771.69084731,0.00335008155489,0.0,-0.00335008155489,-20749.29695
259,12368918.5803,0.988850886754,32.3745624801,-1.48907055712e-16,1.14840173288e+14,-14207.8843206,-5103.07900165,0.00974524445669,-11248.1940366,-0.000362083189635,0.0,12368918.5803,65,0.0,1577.12752401,0.00444911329869,0.0,-0.00444911329869,-21429.447583
259,12266043.1406,0.988422941339,32.3643962722,-4.2347078225e-16,1.13678598619e+14,-14143.6426772,-5094.34295118,0.0064257801635,-10577.0704428,-0.00034759278287,0.0,12266043.1406,66,0.0,1669.99838188,0.00320521704781,0.0,-0.00320521704781,-19731.6428784
259,11482255.6839,0.988127842145,32.3575265508,-2.03578038168e-16,1.12900334599e+14,-13726.8149691,-4988.70848552,0.00651476611578,-10738.9905651,-0.000382148737932,0.0,11482255.6839,67,0.0,1654.18708458,0.00458106913376,0.0,-0.00458106913376,-22720.2698628
259,11132812.4624,0.987267752968,32.3376420781,1.57583084291e-16,1.10677543736e+14,-13511.5947725,-4940.39061944,0.00664018079541,-10499.0159892,-0.000416385807321,0.0,11132812.4624,68,0.0,1801.10232956,0.00359224944861,0.0,-0.00359224944861,-23782.7502528
259,11015816.9882,0.987171153049,32.3351390517,2.50370295067e-16,1.10400861342e+14,-13429.6519351,-4858.7893857,0.00641121199291,-10734.6853879,-0.00039112323616,0.0,11015816.9882,69,0.0,1457.19365739,0.00368095395821,0.0,-0.00368095395821,-21028.079241
259,10360556.4166,0.986472495139,32.3188775182,2.40168245651e-16,1.08620092295e+14,-13066.9198584,-4769.9990046,0.00641053757347,-9999.18998783,-0.00042031135906,0.0,10360556.4166,70,0.0,1475.75444244,0.00329985328476,0.0,-0.00329985328476,-22480.3997539
259,10567159.1765,0.987076881979,32.3329274497,1.62838425712e-16,1.10156968365e+14,-13145.6824464,-4780.81777842,0.00923088846175,-10696.8801264,-0.000398175280884,0.0,10567159.1765,71,0.0,1635.31871018,0.00439323174984,0.0,-0.00439323174984,-23999.5504681
259,10212582.9783,0.987902039961,32.3520885533,5.46384044829e-16,1.1228804918e+14,-12916.6255037,-4659.64259951,0.00643816434202,-10685.1487918,-0.000403867709908,0.0,10212582.9783,72,0.0,1417.79225082,0.00381325933358,0.0,-0.00381325933358,-19764.4398319
259,10185298.4164,0.986723218873,32.3249534486,1.70202762223e-16,1.09282069443e+14,-12908.0188944,-4696.56972915,0.00640464737946,-10384.1086659,-0.000423744156228,0.0,10185298.4164,73,0.0,1600.6043466,0.00342192702775,0.0,-0.00342192702775,-23630.411397
259,9762155.65509,0.985973321194,32.3073634009,4.41988787912e-16,1.07376600395e+14,-12705.5019654,-4641.33132619,0.00973205869384,-10112.623916,-0.000461162413935,0.0,9762155.65509,74,0.0,1235.34357785,0.00406517272514,0.0,-0.00406517272514,-17653.2075924
259,10220273.3329,0.984200880575,32.2650654942,7.3127261432e-16,1.02929509309e+14,-12925.6638517,-4688.98869766,0.00645455427153,-10323.5067634,-0.00044695053589,0.0,10220273.3329,75,0.0,1563.93654952,0.00318678179818,0.0,-0.00318678179818,-22605.9352918
259,9662652.9608,0.983703405964,32.2533218572,1.57034402641e-16,1.0172781247e+14,-12586.6513316,-4574.04962562,0.00989655760147,-10216.4515471,-0.000431881866567,0.0,9662652.9608,76,0.0,1441.69963652,0.0044245594572,0.0,-0.0044245594572,-21918.5672063
259,9974910.09114,0.982422474736,32.223380335,-4.4408920985e-17,9.87270744202e+13,-12782.9184615,-4661.3578796,0.00641831735742,-10272.3334646,-0.000422550900552,0.0,9974910.09114,77,0.0,1613.45195166,0.0039269576433,0.0,-0.0039269576433,-25186.3773262
259,9859148.77797,0.982248302172,32.2193421694,4.08433475801e-16,9.83292020237e+13,-12711.1058338,-4588.92556011,0.00654394101527,-9844.02206633,-0.000434337053181,0.0,9859148.77797,78,0.0,1203.04599568,0.00340966874865,0.0,-0.00340966874865,-19424.4050696
259,9657773.33737,0.981724941202,32.2069558212,2.95396482907e-16,9.7118774159e+13,-12599.6242447,-4567.92440869,0.00641945758546,-9686.20281212,-0.000459860719943,0.0,9657773.33737,79,0.0,1289.12063484,0.00376450228071,0.0,-0.00376450228071,-19436.5601101
259,9398130.99905,0.980501065729,32.1774379603,-4.98957374774e-17,9.42939324398e+13,-12404.9298484,-4493.44275761,0.00992076058264,-10166.4826722,-0.000443741056302,0.0,9398130.99905,80,0.0,1343.61581459,0.00481193854004,0.0,-0.00481193854004,-19595.4889241
259,9531633.58373,0.981002050865,32.1887199772,1.2336763957e-16,9.53637818586e+13,-12531.5828802,-4574.33602713,0.00998376262585,-9978.83311497,-0.000461299456429,0.0,9531633.58373,81,0.0,1426.65858634,0.00438792826405,0.0,-0.00438792826405,-19706.1686347
259,9573149.97703,0.981487280528,32.2000702734,-3.84788725979e-16,9.64523551593e+13,-12494.239606,-4484.91946565,0.00978616426763,-10079.2118711,-0.000433446600179,0.0,9573149.97703,82,0.0,1212.19165287,0.00430120912779,0.0,-0.00430120912779,-18156.3516858
259,9249022.68136,0.980060984655,32.1664451737,6.19753069113e-17,9.32630558405e+13,-12318.2703132,-4489.46422906,0.00994579170817,-9807.85152641,-0.000453860652579,0.0,9249022.68136,83,0.0,1563.61999672,0.00484212440524,0.0,-0.00484212440524,-29185.2996989
259,9267841.02941,0.979858072562,32.1609848811,4.44946524927e-17,9.27552000502e+13,-12331.7989394,-4462.8182109,0.00939988613769,-10118.1888764,-0.000437895597261,0.0,9267841.02941,84,0.0,1226.29913103,0.00448159797857,0.0,-0.00448159797857,-19005.2658057
259,9233261.47559,0.980953814356,32.1863551405,1.05792680493e-17,9.51385285373e+13,-12286.5609364,-4431.51191315,0.00641012171283,-10178.1262443,-0.000447678392847,0.0,9233261.47559,85,0.0,1267.85662568,0.0033275530787,0.0,-0.0033275530787,-18736.0294325
259,9275639.02999,0.981322442423,32.1947889623,-2.37544861516e-16,9.59443030325e+13,-12272.1107159,-4421.44176704,0.00647410096742,-10006.4169718,-0.000431222203861,0.0,9275639.02999,86,0.0,1459.38156697,0.00351514033604,0.0,-0.00351514033604,-21779.6381933
259,8983650.5799,0.98092346407,32.1856257098,-7.66019594388e-16,9.50691568796e+13,-12131.2426991,-4395.38325689,0.00996609467338,-9451.95044553,-0.000463852860378,0.0,8983650.5799,87,0.0,1255.7168328,0.00468800883695,0.0,-0.00468800883695,-18074.5853971
259,8632229.45711,0.979987729121,32.1639064587,5.81431085174e-17,9.30265878139e+13,-11867.4631105,-4268.80568798,0.00640537978379,-9477.62082869,-0.000433811852717,0.0,8632229.45711,88,0.0,1113.69145765,0.00334665868912,0.0,-0.00334665868912,-17197.476436
259,8602346.57995,0.979910171315,32.1619561539,-4.1098827473e-16,9.28453344177e+13,-11876.8215133,-4296.78273159,0.00653556595764,-9867.77819981,-0.00049402720766,0.0,8602346.57995,89,0.0,1069.94060848,0.00357010062234,0.0,-0.00357010062234,-18236.3108106
259,8849369.25722,0.97938161288,32.1498615711,1.99574376759e-16,9.17291722028e+13,-12005.4087654,-4307.40883372,0.00999059737494,-9864.17261523,-0.000482555098143,0.0,8849369.25722,90,0.0,1048.9369501,0.00449803652194,0.0,-0.00449803652194,-15871.4557183
259,8497152.86671,0.978422649537,32.1272904634,-1.10585071773e-16,8.96819343014e+13,-11817.5626856,-4290.25004699,0.00970034660472,-9133.05156827,-0.000532061090075,0.0,8497152.86671,91,0.0,1052.1183633,0.00467276323269,0.0,-0.00467276323269,-16504.6003135
259,8371125.35746,0.978248853693,32.1232631718,-3.86932013671e-16,8.9321485308e+13,-11740.2279878,-4268.09309583,0.00972142342203,-9685.82657983,-0.000542394908274,0.0,8371125.35746,92,0.0,1010.57929976,0.00462381144947,0.0,-0.00462381144947,-16810.7629273
259,8379609.3683,0.978046087663,32.1185379353,7.73641125422e-17,8.8900415771e+13,-11736.7983272,-4279.33429388,0.00647757751583,-9538.77623263,-0.000531664522468,0.0,8379609.3683,93,0.0,1249.99907238,0.00405974021027,0.0,-0.00405974021027,-20252.0487581
259,8310222.04275,0.975820023358,32.0659492764,9.94656952255e-17,8.43460652886e+13,-11696.1843121,-4257.02832123,0.00999367170805,-10022.882203,-0.000541191475867,0.0,8310222.04275,94,0.0,1072.11037854,0.00523341175487,0.0,-0.00523341175487,-17009.1753116
259,8321127.2461,0.975221976176,32.0518383974,2.68485362642e-16,8.31642261751e+13,-11665.8447242,-4231.11216636,0.00995753771601,-9537.18151912,-0.000532980793307,0.0,8321127.2461,95,0.0,1193.02722355,0.00505315358179,0.0,-0.00505315358179,-18435.8383628
259,8418246.3259,0.97560831847,32.0606312214,-2.05909935177e-16,8.38986988883e+13,-11750.5523861,-4259.78349562,0.00997659513802,-9582.08214094,-0.000510970876368,0.0,8418246.3259,96,0.0,1162.16457905,0.00516689406155,0.0,-0.00516689406155,-17279.0667509
259,8328894.15924,0.976548803729,32.0831602967,2.58677678162e-16,8.58103115697e+13,-11692.9782169,-4249.78007672,0.00640305942734,-9820.80552623,-0.000493693916275,0.0,8328894.15924,97,0.0,1113.17289644,0.00395075266073,0.0,-0.00395075266073,-18698.5937632
259,8320981.25775,0.974942390765,32.0456766248,-3.64787565234e-17,8.26533626497e+13,-11666.5701936,-4223.10724638,0.00650317831821,-9780.38651186,-0.000492341452737,0.0,8320981.25775,98,0.0,1116.77265864,0.00388385714129,0.0,-0.00388385714129,-17467.4369478
259,8031905.45019,0.974675098309,32.0394748565,-9.19899077547e-18,8.21423518675e+13,-11472.8039073,-4152.23490697,0.00974060682275,-9657.25928007,-0.000472418435334,0.0,8031905.45019,99,0.0,963.470570829,0.00582870150791,0.0,-0.00582870150791,-15512.6188174
259,8191031.52246,0.973263129837,32.0031840931,4.57917702041e-16,7.92147863058e+13,-11577.8193052,-4188.62671691,0.00552899364742,-9544.4729514,-0.000515644402853,0.0,8191031.52246,100,0.0,1045.67012811,0.00319549460306,0.0,-0.00319549460306,-17211.4846634
259,8241459.24027,0.973991806679,32.0202146273,2.60332296261e-16,8.05754096214e+13,-11627.2797537,-4216.11128477,0.00640740466615,-9784.96442533,-0.000504958800952,0.0,8241459.24027,101,0.0,977.554870815,0.00336907870406,0.0,-0.00336907870406,-15666.0232123
259,8347989.9528,0.973124721398,31.999519476,-1.00820253047e-16,7.89250256969e+13,-11646.064611,-4188.98314734,0.009876968555,-9432.2429773,-0.000475508577283,0.0,8347989.9528,102,0.0,1152.37340575,0.00490042188153,0.0,-0.00490042188153,-16627.3553969
259,8259853.66692,0.9728088372,31.991556897,1.0219195717e-16,7.82990743465e+13,-11570.8862043,-4164.20659888,0.00641286374354,-9401.72878502,-0.00040925603232,0.0,8259853.66692,103,0.0,1289.83479549,0.00415642606685,0.0,-0.00415642606685,-18132.8226739
259,7955696.31807,0.971734813383,31.9658548482,-3.70240089123e-16,7.63122695663e+13,-11403.7970531,-4119.70975704,0.00644127150842,-9349.49187171,-0.000465935242158,0.0,7955696.31807,104,0.0,1008.69820072,0.00342504312021,0.0,-0.00342504312021,-15191.8154897
259,8039404.99529,0.970317294687,31.9318970471,-5.73672383728e-16,7.37643779246e+13,-11446.5875866,-4121.94196483,0.00984260858835,-9428.71063719,-0.000443857652138,0.0,8039404.99529,105,0.0,1006.13932872,0.00385702409727,0.0,-0.00385702409727,-15806.9166152
259,8322886.83416,0.970120297827,31.9276447374,3.66510768539e-16,7.34513749131e+13,-11606.208283,-4181.94871936,0.00995277618408,-9590.3795432,-0.000446691261416,0.0,8322886.83416,106,0.0,1353.7010712,0.00439003236791,0.0,-0.00439003236791,-25357.9860349
259,8229570.38428,0.968734179034,31.8941261117,1.77147014346e-16,7.10301898443e+13,-11548.3085159,-4157.25097735,0.00995550215383,-9549.0110333,-0.000425156449243,0.0,8229570.38428,107,0.0,1283.7846292,0.00451517427133,0.0,-0.00451517427133,-19754.8831024
259,8152406.24196,0.967402185218,31.8629174406,-3.62935764668e-16,6.88476659894e+13,-11531.5616599,-4165.08780562,0.00644480439329,-9519.19757833,-0.000449575587281,0.0,8152406.24196,108,0.0,1151.18206825,0.00350773274895,0.0,-0.00350773274895,-18118.4207465
259,8226308.74157,0.966385335676,31.8380281785,2.06029959288e-16,6.71552472787e+13,-11530.6833876,-4160.37990629,0.00989316202855,-9159.56920216,-0.000412744729211,0.0,8226308.74157,109,0.0,1448.08526507,0.00408923121489,0.0,-0.00408923121489,-27227.9013272
259,8309567.68271,0.966356891726,31.8368250506,-2.69454128679e-17,6.70744995116e+13,-11587.8386747,-4144.74852276,0.00645167087747,-9522.16350712,-0.000409540848314,0.0,8309567.68271,110,0.0,1224.83020005,0.00414085557522,0.0,-0.00414085557522,-17255.7153988
259,8078678.8832,0.965490178693,31.8164264561,-1.60300773084e-16,6.57201345262e+13,-11488.624028,-4157.36863553,0.00645651727671,-9049.39972655,-0.000458340479268,0.0,8078678.8832,111,0.0,1100.08423611,0.00396651048275,0.0,-0.00396651048275,-15539.3029431
259,8316770.41693,0.96500826537,31.8049760533,-4.76435707703e-16,6.49719044596e+13,-11573.3260673,-4191.73513495,0.00997947826399,-9034.08858281,-0.000428528146963,0.0,8316770.41693,112,0.0,1711.41358173,0.00395447357761,0.0,-0.00395447357761,-32139.151021
259,8008793.99179,0.964914934594,31.8032354615,6.21270516799e-16,6.48589132583e+13,-11442.2066008,-4136.18232826,0.00647436963617,-9438.4002105,-0.000488090830108,0.0,8008793.99179,113,0.0,1020.70271411,0.00328277390262,0.0,-0.00328277390262,-16268.8040447
259,7948798.32922,0.96475590336,31.7987946156,3.07921856181e-16,6.45715234222e+13,-11360.0650741,-4092.84773816,0.00995258010488,-8969.488759,-0.000482571190954,0.0,7948798.32922,114,0.0,1207.39975692,0.00453966916076,0.0,-0.00453966916076,-22080.8992066
259,7824176.93611,0.964354524507,31.7892760932,4.77464485795e-16,6.39598138352e+13,-11299.9141291,-4073.41461416,0.00982143484838,-8862.06888414,-0.000492252892393,0.0,7824176.93611,115,0.0,996.158794849,0.00526556902391,0.0,-0.0052655690239,-15368.3876278
259,7791039.31745,0.964593034721,31.7939013655,7.57549321428e-16,6.42563305921e+13,-11267.3487971,-4061.45109095,0.00740061707997,-9172.94912062,-0.000476546248752,0.0,7791039.31745,116,0.0,1066.09876166,0.00422464579805,0.0,-0.00422464579805,-17718.8262614
259,7810818.62552,0.964650707205,31.7945642968,5.12331489974e-17,6.42989422503e+13,-11264.1099207,-4051.74590869,0.00640240247807,-9401.63047015,-0.000506339590292,0.0,7810818.62552,117,0.0,1087.57918905,0.00408370234699,0.0,-0.00408370234699,-18191.3954969
259,7718963.7189,0.964198573124,31.7828979376,4.70065856681e-17,6.35531663983e+13,-11211.913334,-4034.70235436,0.00640914653941,-9017.32767973,-0.000491034779672,0.0,7718963.7189,118,0.0,1045.96482165,0.00355126661131,0.0,-0.00355126661131,-15298.8715488
259,7767421.14232,0.962793503895,31.7491198609,-5.06235979777e-16,6.14423136361e+13,-11192.4842118,-3991.8250982,0.00996710830588,-9265.25927417,-0.000455422527031,0.0,7767421.14232,119,0.0,1057.81935829,0.00481552095423,0.0,-0.00481552095423,-17475.1994431
259,7813989.87869,0.962779370656,31.7481061594,2.56937328556e-16,6.13800610317e+13,-11237.2419461,-4015.94473016,0.00640197893336,-9278.41915081,-0.000467364689406,0.0,7813989.87869,120,0.0,1049.34188015,0.00337460924591,0.0,-0.00337460924591,-15465.4405562
259,7513246.63894,0.961019427793,31.7051342069,-1.5567984482e-16,5.87983087063e+13,-11073.0561034,-3997.92341735,0.00979433868025,-9171.37037258,-0.000501113605273,0.0,7513246.63894,121,0.0,991.495598638,0.00422070853017,0.0,-0.00422070853017,-16964.4494726
259,7719720.90794,0.960531292205,31.6926064272,4.77258730177e-16,5.80662912959e+13,-11244.436676,-4080.96730447,0.00995674828976,-8892.1401775,-0.000511880054365,0.0,7719720.90794,122,0.0,1037.55701084,0.00410140321071,0.0,-0.00410140321071,-15868.778348
259,7538013.97308,0.959015709262,31.6554494712,-4.84125823943e-17,5.59483170763e+13,-11105.5822377,-4019.58890117,0.00966499313164,-9123.81643456,-0.000493135951589,0.0,7538013.97308,123,0.0,939.14189687,0.00444649157085,0.0,-0.00444649157085,-16743.0443222
259,7401655.25027,0.958724958526,31.6480973749,1.05046816376e-16,5.55384880609e+13,-11011.7649151,-3994.68357223,0.00994287780295,-9146.65000528,-0.000525871326093,0.0,7401655.25027,124,0.0,957.670815028,0.00457804987701,0.0,-0.00457804987701,-14542.9086227
259,7543531.05849,0.958552021173,31.6439261103,-4.24868205825e-16,5.53073048315e+13,-11096.9444688,-4014.14832581,0.0063875323273,-9018.67944759,-0.00050266658143,0.0,7543531.05849,125,0.0,1008.87490082,0.00376710101928,0.0,-0.00376710101928,-16089.0320661
259,7501089.59432,0.957997345974,31.6310561603,-5.60684060313e-17,5.46000634253e+13,-11069.7714321,-4007.28785562,0.00643150865924,-9137.94304885,-0.000478828126285,0.0,7501089.59432,126,0.0,1046.0870211,0.003644446423,0.0,-0.003644446423,-16059.9013324
259,7603622.46547,0.956408973315,31.5923762727,-3.79619116065e-16,5.252846204e+13,-11104.669312,-3991.32683592,0.00981493920461,-8961.08025178,-0.000462671781958,0.0,7603622.46547,127,0.0,1117.17646091,0.00435733192058,0.0,-0.00435733192058,-14950.4467357
259,7741829.461,0.955384393989,31.5669756186,-1.86620345946e-16,5.12110076771e+13,-11120.6745069,-3965.93894533,0.00682576270709,-9038.9914578,-0.00038377124284,0.0,7741829.461,128,0.0,1457.67721377,0.00365527549936,0.0,-0.00365527549936,-25346.3903799
259,7420364.11096,0.955334244684,31.5653094958,-3.28471698575e-16,5.11257548927e+13,-10965.4174604,-3937.569089,0.00989479292742,-8841.3530104,-0.000487925410678,0.0,7420364.11096,129,0.0,1068.94478545,0.00469968075691,0.0,-0.00469968075691,-17052.2168988
259,7622530.17871,0.954656600611,31.5489374612,-5.56654679451e-17,5.02955369869e+13,-11104.7609623,-3982.05765585,0.00645021062313,-9095.64480714,-0.000477836410168,0.0,7622530.17871,130,0.0,1127.10004929,0.00387521163173,0.0,-0.00387521163173,-16616.6573139
259,7424583.01513,0.954276919684,31.5398785445,2.96459553603e-17,4.98419714151e+13,-10932.6967778,-3902.53068734,0.00640205141298,-8994.35805571,-0.000426598553858,0.0,7424583.01513,131,0.0,1056.09331569,0.00382469212868,0.0,-0.00382469212868,-15691.9391685
259,7490108.68024,0.954140313506,31.5355002576,2.24976622488e-16,4.96242259895e+13,-11007.3046057,-3952.64231036,0.00987491486247,-8855.30823574,-0.00045974411544,0.0,7490108.68024,132,0.0,1123.0104507,0.00481844298197,0.0,-0.00481844298197,-16328.4338365
259,7513826.11214,0.95392221184,31.5301282034,-2.46563816125e-16,4.93583567266e+13,-11030.7583512,-3964.12492399,0.00642993021571,-8506.36496627,-0.000475961437985,0.0,7513826.11214,133,0.0,1084.19316218,0.00374625618021,0.0,-0.00374625618022,-17020.291796
259,7327981.17248,0.951753899264,31.4777330646,7.10199809729e-17,4.68388013781e+13,-10868.0506136,-3889.9617641,0.00646696758756,-8961.17697698,-0.000434427054778,0.0,7327981.17248,134,0.0,1123.96888969,0.00369176413997,0.0,-0.00369176413997,-19558.5741694
259,7303331.40663,0.950226056112,31.4402227789,1.33372506518e-16,4.51144079838e+13,-10847.854085,-3878.98182936,0.00723430218888,-8282.11131947,-0.000436531712189,0.0,7303331.40663,135,0.0,1138.13250334,0.00367798389467,0.0,-0.00367798389467,-16314.8364885
259,6999073.72249,0.949750296106,31.4290963982,1.79813264235e-16,4.4615230075e+13,-10652.5044983,-3832.86398462,0.00997129028984,-8685.47553175,-0.00045194979386,0.0,6999073.72249,136,0.0,1052.44009418,0.00483375887893,0.0,-0.00483375887893,-15973.9232802
259,7141450.11365,0.948688952429,31.4034203403,-1.49430017909e-16,4.34842682965e+13,-10778.7909679,-3883.18983785,0.00640914251935,-8972.00153131,-0.000471579081392,0.0,7141450.11365,137,0.0,967.171890583,0.00333780445519,0.0,-0.00333780445519,-14705.8607676
259,6989698.67391,0.948866017859,31.4077252909,-4.82925582835e-16,4.36718694408e+13,-10668.7095122,-3845.15427096,0.00996805561807,-8525.90253366,-0.000473381519032,0.0,6989698.67391,138,0.0,904.602019088,0.00475733694628,0.0,-0.00475733694628,-14460.6585339
259,6953619.23407,0.949795918824,31.4300909184,1.85060032506e-16,4.46596228972e+13,-10664.28236,-3858.16564245,0.00995640056544,-9017.19119028,-0.000479272035123,0.0,6953619.23407,139,0.0,875.846044284,0.00370829167309,0.0,-0.00370829167309,-14224.7513125
259,6874360.56158,0.949239293462,31.4156007363,-2.59466408033e-16,4.40171627484e+13,-10571.4817874,-3798.82426292,0.00999391468416,-8953.82278636,-0.00046879955007,0.0,6874360.56158,140,0.0,882.325599815,0.00437687858304,0.0,-0.00437687858304,-14099.1398503
259,6800304.4894,0.949167225918,31.4136467453,-1.58200351146e-16,4.39312375868e+13,-10519.5870445,-3793.46900218,0.00666093620448,-8399.3828126,-0.000479147651963,0.0,6800304.4894,141,0.0,998.278764556,0.00346892840401,0.0,-0.00346892840401,-15074.8264636
259,6781179.75675,0.949644609572,31.4243653844,-4.99831836152e-16,4.4404653322e+13,-10474.6744327,-3748.44101624,0.0064122624348,-8731.67616958,-0.00045196486317,0.0,6781179.75675,142,0.0,896.324666091,0.00310964824765,0.0,-0.00310964824765,-14350.2904232
259,6972645.41514,0.949388381499,31.4185780298,2.05987093534e-16,4.41484100451e+13,-10611.5550584,-3787.27172943,0.00643821978766,-8304.22401445,-0.000447924581895,0.0,6972645.41514,143,0.0,893.713185065,0.00406620881919,0.0,-0.00406620881919,-13685.1987549
259,7174434.82189,0.949653339442,31.4248350709,1.66773501915e-16,4.44255144873e+13,-10750.3541176,-3844.71816867,0.0065095118674,-7981.9001524,-0.000463889534028,0.0,7174434.82189,144,0.0,1100.7484405,0.00385971362416,0.0,-0.00385971362416,-16874.4512296
259,7006607.6389,0.949390296637,31.4178683974,-5.34878876497e-17,4.41170920176e+13,-10614.9884553,-3779.50843374,0.00651458167365,-8703.02731934,-0.000460655323756,0.0,7006607.6389,145,0.0,998.588761714,0.00374612611518,0.0,-0.00374612611518,-14265.0245612
259,6962598.61535,0.948604419976,31.3992952159,6.26774479593e-16,4.33052597529e+13,-10589.4935035,-3774.43332547,0.00993503900699,-8492.53959583,-0.000467139688867,0.0,6962598.61535,146,0.0,935.920350515,0.00463447749374,0.0,-0.00463447749374,-13774.6325325
259,6896711.61866,0.948059551489,31.385283381,5.58900844953e-16,4.27027049097e+13,-10558.7849745,-3782.24677479,0.00641646080738,-8327.06075885,-0.000478222119257,0.0,6896711.61866,147,0.0,973.816927344,0.00374840622708,0.0,-0.00374840622707,-15535.8198806
259,6816153.21455,0.948123250824,31.387120602,1.39999552063e-17,4.2781231331e+13,-10467.065095,-3735.09705747,0.00652523480506,-8483.76575269,-0.000428174654638,0.0,6816153.21455,148,0.0,1054.13317893,0.00409085963981,0.0,-0.00409085963981,-16579.8573178
259,6722118.72129,0.947838772583,31.3805096081,-6.57003409206e-16,4.24993376941e+13,-10414.1014785,-3713.8328371,0.00998450655776,-8455.24029154,-0.000469904045914,0.0,6722118.72129,149,0.0,903.326388589,0.0039037569193,0.0,-0.0039037569193,-13640.3140513
260,7085469.35714,0.947341227929,31.3681068325,2.96301668483e-16,4.19754832886e+13,-10594.9221536,-3756.66736851,0.00641550615069,-7939.46122194,-0.000390472911463,0.0,7085469.35714,150,0.0,1220.00692664,0.00368746432209,0.0,-0.00368746432209,-20529.746344
259,6998327.69175,0.946985980399,31.3579597411,-5.97402865058e-16,4.15517079e+13,-10566.8283339,-3748.67368037,0.0064124193957,-8379.76507542,-0.00041127026455,0.0,6998327.69175,151,0.0,1190.14696803,0.00376601075278,0.0,-0.00376601075278,-17252.2740839
259,6710181.7978,0.946687051714,31.3505710156,2.99117230341e-17,4.12458251707e+13,-10341.3623016,-3664.75627379,0.00674693284824,-7341.01823142,-0.000435459367598,0.0,6710181.7978,152,0.0,1141.53047558,0.00324122086639,0.0,-0.00324122086639,-15856.3257039
259,6518043.11944,0.946383473759,31.3418665815,4.04138327265e-16,4.08883616211e+13,-10222.6893405,-3634.45686167,0.00641476503214,-7316.15928514,-0.000459371309341,0.0,6518043.11944,153,0.0,1008.3196512,0.00351732786786,0.0,-0.00351732786786,-13947.998922
259,6487881.16013,0.945721515538,31.3252949411,3.73446447511e-17,4.02163578737e+13,-10155.2618687,-3589.49801221,0.00985429384718,-6714.51890212,-0.000422071204913,0.0,6487881.16013,154,0.0,1174.51878443,0.00460783554032,0.0,-0.00460783554032,-14604.191339
259,6341619.53981,0.94539210982,31.3169617044,-1.88977962408e-16,3.98826179444e+13,-10044.9461353,-3559.33378707,0.00642520485721,-7597.50139894,-0.000441764857192,0.0,6341619.53981,155,0.0,1183.51421514,0.00404167961405,0.0,-0.00404167961405,-14100.71093
260,6634511.92342,0.945651738974,31.3225068513,3.11603607158e-16,4.01043872223e+13,-10069.6802216,-3528.31774326,0.00997378422731,-6822.22023018,-0.000305777616287,0.0,6634511.92342,156,0.0,1719.38211179,0.00411170599084,0.0,-0.00411170599084,-27568.8628622
260,6643141.82944,0.945009159178,31.3072697225,1.47201275709e-16,3.94979434729e+13,-10152.0568061,-3573.86514735,0.00657660251383,-7101.3172934,-0.00034354821976,0.0,6643141.82944,157,0.0,1627.03130307,0.00429999503883,0.0,-0.00429999503883,-26765.9883714
259,6061982.26733,0.944192345293,31.2867407434,2.0972498727e-16,3.86953573415e+13,-9832.44980055,-3498.66634958,0.00989120336537,-7167.392669,-0.000498511304066,0.0,6061982.26733,158,0.0,1167.85148723,0.0041229190643,0.0,-0.0041229190643,-14160.7077567
260,6208743.52249,0.943988648942,31.282117498,3.86629099198e-16,3.85168721146e+13,-9761.59698454,-3468.33707546,0.00999732303575,-6941.39108056,-0.000359750663297,0.0,6208743.52249,159,0.0,1781.05807211,0.00434139974759,0.0,-0.00434139974759,-26290.8896062
259,5902147.8001,0.943294921778,31.2649957792,4.75235466595e-16,3.78630106512e+13,-9696.82332514,-3453.95368708,0.00991304755715,-6927.95285952,-0.000513629828256,0.0,5902147.8001,160,0.0,1231.30130404,0.00491417554061,0.0,-0.00491417554061,-14562.7362535
260,6404066.68744,0.943353380534,31.2661910501,-2.16913169444e-16,3.79082942661e+13,-9890.11263987,-3498.84186019,0.00656319420511,-6745.45385237,-0.000343250125085,0.0,6404066.68744,161,0.0,1892.60249319,0.00357882819225,0.0,-0.00357882819225,-26202.3749647
259,5964902.32876,0.943401225865,31.2675160574,-2.78498802741e-16,3.79585563222e+13,-9718.98418832,-3450.614617,0.00992022854432,-6887.8203565,-0.000489440981616,0.0,5964902.32876,162,0.0,1304.7571384,0.00413413743742,0.0,-0.00413413743742,-15651.325646
259,5811461.26264,0.942431983111,31.2436752366,-2.71554550618e-16,3.70642954975e+13,-9642.78711516,-3458.15511747,0.00646074160361,-6778.94770127,-0.000551831610388,0.0,5811461.26264,163,0.0,1289.7804563,0.00323207111885,0.0,-0.00323207111885,-14728.5454498
260,6075644.59181,0.941423255827,31.2187218606,-3.66579123768e-16,3.61508602383e+13,-9752.4928021,-3484.92418803,0.00642857664841,-7122.41415813,-0.000431965725641,0.0,6075644.59181,164,0.0,1639.19698257,0.00359170356464,0.0,-0.00359170356464,-22720.402679
259,5576200.21448,0.941650361001,31.224421801,-3.36787654821e-16,3.63575063634e+13,-9465.03551883,-3408.66123387,0.00643262209353,-6938.68847542,-0.000540226398504,0.0,5576200.21448,165,0.0,1224.01006042,0.00400231626913,0.0,-0.00400231626913,-13612.6080548
259,5433368.84604,0.941783754598,31.2271407554,2.22258933694e-16,3.64564952763e+13,-9375.84918067,-3399.39004826,0.00998160393833,-6453.92719071,-0.000607025706588,0.0,5433368.84604,166,0.0,1152.03429488,0.00484107990684,0.0,-0.00484107990684,-13737.7080074
259,5595806.58337,0.941802391787,31.227712554,-1.76906966125e-16,3.64773470095e+13,-9473.93085589,-3407.28563907,0.0099971335121,-6573.10484309,-0.000554226192766,0.0,5595806.58337,167,0.0,1261.70787008,0.00476901374049,0.0,-0.00476901374049,-13386.9866708
259,5441847.03081,0.940559040369,31.1970824902,-2.6968560375e-16,3.53769817025e+13,-9327.27117189,-3359.05320323,0.0065196956444,-6448.48810612,-0.000563061150469,0.0,5441847.03081,168,0.0,1310.81610219,0.0035273993242,0.0,-0.0035273993242,-14790.1595107
259,5344852.1778,0.940482963436,31.1956173575,8.55000326223e-17,3.53251876831e+13,-9279.40163175,-3360.16574986,0.00648635602816,-6174.22625927,-0.000591903996517,0.0,5344852.1778,169,0.0,1238.43410539,0.00359377042226,0.0,-0.00359377042226,-13074.5339846
259,5345477.07061,0.940084756734,31.1860294572,2.88366499276e-16,3.49881118131e+13,-9271.8014575,-3356.41104422,0.00994830035132,-6711.65284435,-0.000593870888643,0.0,5345477.07061,170,0.0,1273.39851581,0.00416262965365,0.0,-0.00416262965365,-15017.4151818
260,5514093.82304,0.940286410708,31.1892942841,-4.90516291119e-16,3.51025286128e+13,-9292.71409158,-3367.43109333,0.00640391211973,-6465.34661629,-0.000477529901971,0.0,5514093.82304,171,0.0,1674.20872128,0.00368235329631,0.0,-0.00368235329631,-27146.2670546
260,5725918.34622,0.939714241756,31.1749299605,-4.50571390113e-16,3.46019086738e+13,-9406.70411328,-3395.27900239,0.00999357231063,-6671.98121964,-0.000415323556643,0.0,5725918.34622,172,0.0,1829.82916957,0.00547875681456,0.0,-0.00547875681457,-26347.5160974
259,5305995.38084,0.938245193867,31.1383386346,-8.82948797731e-17,3.33586636642e+13,-9230.99987887,-3338.54855519,0.00999555689477,-6785.3777495,-0.000575028751452,0.0,5305995.38084,173,0.0,1299.93526966,0.00493400718021,0.0,-0.00493400718021,-14756.5221981
260,5227965.16304,0.938777456359,31.1510934542,-2.90236510652e-16,3.37868724588e+13,-9129.77342845,-3324.7040523,0.00974723432728,-6541.18592112,-0.000525061246371,0.0,5227965.16304,174,0.0,1391.11612642,0.0049761081234,0.0,-0.0049761081234,-21635.4679936
259,5094241.48795,0.938855380337,31.1535366796,1.37264716967e-16,3.38695223285e+13,-9103.5229561,-3333.86733532,0.00971565699347,-6921.01338273,-0.000630076425914,0.0,5094241.48795,175,0.0,1190.97053246,0.00409823744303,0.0,-0.00409823744303,-13633.4823543
259,5130485.0255,0.937988409632,31.1321444393,-2.1239981031e-16,3.31526722221e+13,-9153.6874754,-3359.00922224,0.00640291467486,-6659.81564387,-0.00064746509125,0.0,5130485.0255,176,0.0,1224.56048285,0.00325821110133,0.0,-0.00325821110133,-13248.4311719
259,5134319.92048,0.937696269112,31.123684146,-7.82471470715e-17,3.28733740279e+13,-9145.8688959,-3352.97493714,0.00647614692375,-6270.1990251,-0.000640257413126,0.0,5134319.92048,177,0.0,1199.58125519,0.00377575200288,0.0,-0.00377575200288,-13257.1052188
259,5086305.81298,0.937007723588,31.1070784314,-5.9519956531e-16,3.23319955891e+13,-9086.11799383,-3318.54730415,0.00644402082267,-6942.47701569,-0.000635097416346,0.0,5086305.81298,178,0.0,1163.8378386,0.00335065847017,0.0,-0.00335065847017,-13280.82636
260,5420271.49641,0.937193301812,31.1109384555,-2.99974789667e-16,3.24570390535e+13,-9303.21169573,-3387.80131409,0.00653911161266,-6581.50950893,-0.000542386470684,0.0,5420271.49641,179,0.0,1441.98641265,0.00340457473284,0.0,-0.00340457473284,-21307.4974638
260,5368134.0003,0.936878808687,31.1035354486,-5.12219395652e-16,3.22176465736e+13,-9207.67789517,-3368.63495223,0.00996240440533,-6547.55990978,-0.000493525515767,0.0,5368134.0003,180,0.0,1764.23454697,0.00398801809318,0.0,-0.00398801809318,-26570.2564244
259,5263522.58113,0.936117765639,31.0846429753,5.6377039459e-17,3.1614689159e+13,-9175.74970277,-3316.44719978,0.00642316064952,-6455.05899563,-0.000554931582766,0.0,5263522.58113,181,0.0,1364.32614545,0.00345344168278,0.0,-0.00345344168278,-14286.0010758
259,5135909.04788,0.935340710096,31.0653080381,9.9259939607e-17,3.10092926407e+13,-9107.82582767,-3315.35111355,0.00973421881528,-6785.76774858,-0.000620335338005,0.0,5135909.04788,182,0.0,1279.32875412,0.00456282817893,0.0,-0.00456282817893,-13775.5066406
259,4977381.81114,0.934414128369,31.0421257233,8.67602857854e-18,3.02986939423e+13,-8966.93840628,-3255.70753735,0.00937290577306,-6723.1810875,-0.000622496692212,0.0,4977381.81114,183,0.0,1147.744466,0.00388390046698,0.0,-0.00388390046698,-12782.6965122
259,5315235.26586,0.934203491999,31.03601607,-2.33566919559e-16,3.01141437693e+13,-9219.01189402,-3332.72293661,0.00958109007883,-6677.7845134,-0.000565430265786,0.0,5315235.26586,184,0.0,1403.77234872,0.00453325501977,0.0,-0.00453325501977,-16524.8458595
259,5158969.1693,0.933207830852,31.0104016786,-9.59764228624e-17,2.93525833942e+13,-9106.98269431,-3305.01555804,0.0064884592766,-6691.1333481,-0.000590596292539,0.0,5158969.1693,185,0.0,1316.47169601,0.00323971952193,0.0,-0.00323971952193,-13177.1213618
260,5225590.10646,0.933182961698,31.0089704047,1.17945171207e-17,2.93106018578e+13,-9089.15827854,-3297.48011536,0.00641180698689,-6445.12737062,-0.000513703209963,0.0,5225590.10646,186,0.0,1495.17366179,0.0038337217032,0.0,-0.0038337217032,-20838.6974609
259,5303896.38674,0.933598064846,31.0191948988,-9.41674880501e-17,2.96118252404e+13,-9208.44735708,-3323.13664993,0.00644654553059,-6613.86959858,-0.00056652306206,0.0,5303896.38674,187,0.0,1342.08719344,0.00349668142958,0.0,-0.00349668142958,-13652.1992565
259,5061534.62899,0.932651923509,30.9948117534,9.50162299762e-17,2.88985273629e+13,-9004.04080771,-3247.17359289,0.00644285383347,-6363.12039676,-0.000577711455635,0.0,5061534.62899,188,0.0,1183.8352859,0.00355197168259,0.0,-0.00355197168259,-13172.4955904
259,5272730.7725,0.930963321135,30.9527395593,6.2607148123e-16,2.77079241687e+13,-9151.62543559,-3288.496519,0.00996762859465,-6567.20901058,-0.00054670071528,0.0,5272730.7725,189,0.0,1394.84979623,0.00485831915586,0.0,-0.00485831915586,-14545.881506
259,5404479.16871,0.929978991327,30.9261941475,3.70780197622e-16,2.69820824194e+13,-9249.3197811,-3320.39994125,0.00995080095102,-6544.49879889,-0.000498411861488,0.0,5404479.16871,190,0.0,1482.3928887,0.00470488692712,0.0,-0.00470488692712,-14070.7333373
260,5201979.34277,0.930934653134,30.9495636404,-5.63593183805e-17,2.76200656377e+13,-9050.01935051,-3276.51151395,0.00974495613546,-6477.02800415,-0.000508185990556,0.0,5201979.34277,191,0.0,1527.33581381,0.00463558129975,0.0,-0.00463558129975,-22447.0713877
259,5089621.77031,0.930651584645,30.9427760681,6.12723085482e-16,2.74332272545e+13,-9056.73879115,-3286.06945985,0.00640346014182,-6681.38282402,-0.000614566229322,0.0,5089621.77031,192,0.0,1196.54204198,0.00365286157403,0.0,-0.00365286157403,-13650.9197566
260,5298385.96493,0.930709207691,30.9426257225,1.46728707911e-16,2.74291030972e+13,-9137.76219345,-3317.56726966,0.00966205916566,-6613.3718267,-0.00049093241511,0.0,5298385.96493,193,0.0,1604.52254317,0.00408645060509,0.0,-0.00408645060509,-28024.8969045
260,5056824.64297,0.930475929429,30.9344065584,5.42874431088e-16,2.72045827466e+13,-8940.42671499,-3256.61032025,0.00647025163001,-6279.04776109,-0.000518342733287,0.0,5056824.64297,194,0.0,1523.0640511,0.00403417260508,0.0,-0.00403417260507,-24117.4652021
259,4746290.71096,0.928879099331,30.8951053153,6.04372836633e-16,2.61561462039e+13,-8797.99782689,-3233.94944428,0.00999718316369,-6424.11471968,-0.000702748858703,0.0,4746290.71096,195,0.0,1118.65219691,0.00405914476525,0.0,-0.00405914476525,-12135.3953882
259,5082710.5285,0.928389401731,30.8824220388,-1.21112900918e-16,2.58264955141e+13,-9051.5297025,-3310.6289012,0.00996060414072,-6578.44024342,-0.000595213428725,0.0,5082710.5285,196,0.0,1439.93611,0.00409384553153,0.0,-0.00409384553153,-18966.1989336
259,5147759.50259,0.926718953811,30.8386523001,1.57205865657e-16,2.47204585988e+13,-8990.45429825,-3285.73102622,0.00649015636679,-6047.0134696,-0.000503898166483,0.0,5147759.50259,197,0.0,1698.41442487,0.00370180945144,0.0,-0.00370180945144,-27183.6655509
259,4802942.45098,0.92364405487,30.7630414395,1.86980418279e-16,2.29202390953e+13,-8849.54440879,-3254.93300738,0.00991813310077,-6487.49751643,-0.000678278471789,0.0,4802942.45098,198,0.0,1142.62369333,0.00445971069767,0.0,-0.00445971069767,-13551.6554226
259,4927335.96066,0.923649783457,30.7625097104,-1.73640595682e-16,2.2908054979e+13,-8949.96428151,-3281.65804451,0.00650958213529,-6157.474381,-0.000644217328933,0.0,4927335.96066,199,0.0,1220.82288537,0.00371769758647,0.0,-0.00371769758647,-13391.8460746
